für,65,0.02854633289415898
afd,38,0.01668862538427756
sollen,22,0.00966183574879227
deutschland,17,0.007465963987703118
fordern,16,0.007026789635485288
müssen,15,0.006587615283267457
sozial,15,0.006587615283267457
setzen,12,0.005270092226613966
jahr,10,0.004391743522178305
sowie,10,0.004391743522178305
kind,8,0.003513394817742644
gut,8,0.003513394817742644
seit,7,0.0030742204655248135
daher,7,0.0030742204655248135
fördern,7,0.0030742204655248135
führen,7,0.0030742204655248135
hoch,7,0.0030742204655248135
arbeitslosengeld,7,0.0030742204655248135
immer,6,0.002635046113306983
mehr,6,0.002635046113306983
ausbau,6,0.002635046113306983
flächendeckend,6,0.002635046113306983
frau,6,0.002635046113306983
maßnahme,5,0.0021958717610891525
möglich,5,0.0021958717610891525
mensch,5,0.0021958717610891525
lang,5,0.0021958717610891525
zunehmend,5,0.0021958717610891525
stärken,5,0.0021958717610891525
über,5,0.0021958717610891525
innerhalb,5,0.0021958717610891525
natur,5,0.0021958717610891525
öffentlich,5,0.0021958717610891525
jedoch,5,0.0021958717610891525
tier,5,0.0021958717610891525
bildung,5,0.0021958717610891525
wald,5,0.0021958717610891525
wohnung,5,0.0021958717610891525
rente,5,0.0021958717610891525
mann,5,0.0021958717610891525
national,5,0.0021958717610891525
bürger,5,0.0021958717610891525
bestehend,5,0.0021958717610891525
erhalten,5,0.0021958717610891525
patient,4,0.001756697408871322
klinik,4,0.001756697408871322
gerechtigkeit,4,0.001756697408871322
stark,4,0.001756697408871322
stellen,4,0.001756697408871322
versorgung,4,0.001756697408871322
gelten,4,0.001756697408871322
insbesondere,4,0.001756697408871322
umsetzung,4,0.001756697408871322
umwelt,4,0.001756697408871322
stehen,4,0.001756697408871322
regional,4,0.001756697408871322
wissenschaftlich,4,0.001756697408871322
rentenversicherung,4,0.001756697408871322
technisch,4,0.001756697408871322
beitragszahler,4,0.001756697408871322
einzahlen,4,0.001756697408871322
zeigen,4,0.001756697408871322
deshalb,4,0.001756697408871322
leistungsgerechtigkeit,4,0.001756697408871322
ermöglichen,4,0.001756697408871322
altersarmut,4,0.001756697408871322
medizinisch,4,0.001756697408871322
erforschung,4,0.001756697408871322
künftig,4,0.001756697408871322
ungerechtigkeit,4,0.001756697408871322
sehen,4,0.001756697408871322
bleiben,4,0.001756697408871322
verhindern,4,0.001756697408871322
gesetzlich,4,0.001756697408871322
förderung,4,0.001756697408871322
neu,4,0.001756697408871322
deutsch,4,0.001756697408871322
vermeiden,3,0.0013175230566534915
international,3,0.0013175230566534915
beruflich,3,0.0013175230566534915
bereich,3,0.0013175230566534915
krankenversicherung,3,0.0013175230566534915
sichern,3,0.0013175230566534915
ort,3,0.0013175230566534915
notwendig,3,0.0013175230566534915
zahlen,3,0.0013175230566534915
stationär,3,0.0013175230566534915
deutlich,3,0.0013175230566534915
alternative,3,0.0013175230566534915
anschließend,3,0.0013175230566534915
schaffen,3,0.0013175230566534915
grundsicherung,3,0.0013175230566534915
bezug,3,0.0013175230566534915
entgegenwirken,3,0.0013175230566534915
wissenschaft,3,0.0013175230566534915
verankern,3,0.0013175230566534915
finanzieren,3,0.0013175230566534915
gesellschaft,3,0.0013175230566534915
beitrag,3,0.0013175230566534915
gehören,3,0.0013175230566534915
art,3,0.0013175230566534915
kommen,3,0.0013175230566534915
besonderer,3,0.0013175230566534915
einbeziehung,3,0.0013175230566534915
generell,3,0.0013175230566534915
pflegeversicherung,3,0.0013175230566534915
dienst,3,0.0013175230566534915
groß,3,0.0013175230566534915
gesundheitswesen,3,0.0013175230566534915
gesundheitlich,3,0.0013175230566534915
erster,3,0.0013175230566534915
krankenhaus,3,0.0013175230566534915
infrastruktur,3,0.0013175230566534915
differenziert,3,0.0013175230566534915
häufig,3,0.0013175230566534915
steigend,3,0.0013175230566534915
leisten,3,0.0013175230566534915
nutzung,3,0.0013175230566534915
schule,3,0.0013175230566534915
sicherheit,3,0.0013175230566534915
reduzieren,3,0.0013175230566534915
weit,3,0.0013175230566534915
grundlegend,3,0.0013175230566534915
lehnen,3,0.0013175230566534915
technik,3,0.0013175230566534915
zudem,3,0.0013175230566534915
land,3,0.0013175230566534915
fortschritt,3,0.0013175230566534915
wohngeld,3,0.0013175230566534915
bürgern,3,0.0013175230566534915
gleichberechtigung,3,0.0013175230566534915
schüler,3,0.0013175230566534915
gewährleisten,3,0.0013175230566534915
sicherstellen,3,0.0013175230566534915
qualifiziert,3,0.0013175230566534915
digitalisierung,3,0.0013175230566534915
wirtschaftlich,3,0.0013175230566534915
entwicklung,3,0.0013175230566534915
umgang,2,0.000878348704435661
unterstützt,2,0.000878348704435661
wirtschaftsfaktor,2,0.000878348704435661
unabhängig,2,0.000878348704435661
wer,2,0.000878348704435661
bezahlbar,2,0.000878348704435661
renteneintritt,2,0.000878348704435661
einkommensgruppe,2,0.000878348704435661
bedeutung,2,0.000878348704435661
bildungswesen,2,0.000878348704435661
dabei,2,0.000878348704435661
grundlage,2,0.000878348704435661
wohlstand,2,0.000878348704435661
maß,2,0.000878348704435661
jahrzehnt,2,0.000878348704435661
flughafen,2,0.000878348704435661
gerecht,2,0.000878348704435661
unterstützen,2,0.000878348704435661
alter,2,0.000878348704435661
weise,2,0.000878348704435661
frage,2,0.000878348704435661
zumindest,2,0.000878348704435661
nutzen,2,0.000878348704435661
sanktion,2,0.000878348704435661
bestandteil,2,0.000878348704435661
eigenverantwortung,2,0.000878348704435661
politiker,2,0.000878348704435661
digital,2,0.000878348704435661
befürwort,2,0.000878348704435661
verständnis,2,0.000878348704435661
kreis,2,0.000878348704435661
staatlich,2,0.000878348704435661
wichtig,2,0.000878348704435661
förderschule,2,0.000878348704435661
umfassend,2,0.000878348704435661
voraussetzung,2,0.000878348704435661
obdachlosigkeit,2,0.000878348704435661
sinnvoll,2,0.000878348704435661
anliegen,2,0.000878348704435661
erhalt,2,0.000878348704435661
angehörige,2,0.000878348704435661
wodurch,2,0.000878348704435661
unternehmen,2,0.000878348704435661
dafür,2,0.000878348704435661
derzeitig,2,0.000878348704435661
entlang,2,0.000878348704435661
einführung,2,0.000878348704435661
konkret,2,0.000878348704435661
zahl,2,0.000878348704435661
förderbedarf,2,0.000878348704435661
planung,2,0.000878348704435661
intakt,2,0.000878348704435661
drohend,2,0.000878348704435661
schon,2,0.000878348704435661
aufgabe,2,0.000878348704435661
brauchen,2,0.000878348704435661
problem,2,0.000878348704435661
niveau,2,0.000878348704435661
bildungseinrichtung,2,0.000878348704435661
bereits,2,0.000878348704435661
priorität,2,0.000878348704435661
unterricht,2,0.000878348704435661
effizient,2,0.000878348704435661
flugverkehr,2,0.000878348704435661
überlastung,2,0.000878348704435661
betroffener,2,0.000878348704435661
benötigen,2,0.000878348704435661
ideologisch,2,0.000878348704435661
ansatz,2,0.000878348704435661
berufsausbildung,2,0.000878348704435661
ausgewogen,2,0.000878348704435661
standard,2,0.000878348704435661
fondslösung,2,0.000878348704435661
praxis,2,0.000878348704435661
wartezeit,2,0.000878348704435661
flexibel,2,0.000878348704435661
system,2,0.000878348704435661
sicherstellung,2,0.000878348704435661
lebenswichtig,2,0.000878348704435661
unterschiedlich,2,0.000878348704435661
medikament,2,0.000878348704435661
bevölkerung,2,0.000878348704435661
mdg,2,0.000878348704435661
klinisch,2,0.000878348704435661
forderung,2,0.000878348704435661
jeweilig,2,0.000878348704435661
individuell,2,0.000878348704435661
fläche,2,0.000878348704435661
landschaftsbild,2,0.000878348704435661
gebiet,2,0.000878348704435661
tag,2,0.000878348704435661
energieversorgung,2,0.000878348704435661
budgetierung,2,0.000878348704435661
vermeidung,2,0.000878348704435661
ergeben,2,0.000878348704435661
gleichzeitig,2,0.000878348704435661
direkt,2,0.000878348704435661
fehlen,2,0.000878348704435661
pflegeeinrichtung,2,0.000878348704435661
erforderlich,2,0.000878348704435661
sorgen,2,0.000878348704435661
regelmäßig,2,0.000878348704435661
ergebnis,2,0.000878348704435661
lebensraum,2,0.000878348704435661
altersgerecht,2,0.000878348704435661
gentechnik,2,0.000878348704435661
leben,2,0.000878348704435661
zukünftig,2,0.000878348704435661
pflegebedürftige,2,0.000878348704435661
unterstützung,2,0.000878348704435661
stream,2,0.000878348704435661
gkv,2,0.000878348704435661
nord,2,0.000878348704435661
begleiten,2,0.000878348704435661
technologieoffen,2,0.000878348704435661
raum,2,0.000878348704435661
ländlich,2,0.000878348704435661
verbindlich,2,0.000878348704435661
sicht,2,0.000878348704435661
besteuerung,2,0.000878348704435661
pflegeheime,2,0.000878348704435661
regelung,2,0.000878348704435661
vieler,2,0.000878348704435661
grundsätzlich,2,0.000878348704435661
taktung,2,0.000878348704435661
etablieren,2,0.000878348704435661
netz,2,0.000878348704435661
chance,2,0.000878348704435661
soweit,2,0.000878348704435661
einmalzahlung,2,0.000878348704435661
rahmen,2,0.000878348704435661
luft,2,0.000878348704435661
sauber,2,0.000878348704435661
erheblich,2,0.000878348704435661
schütz,2,0.000878348704435661
daraus,2,0.000878348704435661
haupt,2,0.000878348704435661
wirtschaft,2,0.000878348704435661
verfügung,2,0.000878348704435661
verpflichtend,2,0.000878348704435661
verwaltung,2,0.000878348704435661
potential,2,0.000878348704435661
bewährt,2,0.000878348704435661
multiresistent,2,0.000878348704435661
keim,2,0.000878348704435661
wohnortnah,2,0.000878348704435661
rentensystem,2,0.000878348704435661
orientiert,2,0.000878348704435661
ziel,2,0.000878348704435661
fehlentwicklung,2,0.000878348704435661
wohl,2,0.000878348704435661
gesundheitssystem,2,0.000878348704435661
zugute,2,0.000878348704435661
generation,2,0.000878348704435661
untersuchung,2,0.000878348704435661
ausgebaut,2,0.000878348704435661
großelter,2,0.000878348704435661
investition,2,0.000878348704435661
zeitraum,2,0.000878348704435661
eltern,2,0.000878348704435661
nominal,2,0.000878348704435661
drei,2,0.000878348704435661
sinn,2,0.000878348704435661
gebietsfremd,2,0.000878348704435661
lassen,2,0.000878348704435661
anschluss,2,0.000878348704435661
technologie,2,0.000878348704435661
tierschutzgesetze,2,0.000878348704435661
risikobewertung,2,0.000878348704435661
bevorzugen,2,0.000878348704435661
schlachttier,2,0.000878348704435661
lebend,2,0.000878348704435661
begrenzen,2,0.000878348704435661
inflation,2,0.000878348704435661
sicherungssystem,2,0.000878348704435661
zeitgemäß,2,0.000878348704435661
gesellschaftlich,2,0.000878348704435661
bzw.,2,0.000878348704435661
zusätzlich,2,0.000878348704435661
grob,2,0.000878348704435661
einkommen,2,0.000878348704435661
erkenntnis,2,0.000878348704435661
ausrichten,2,0.000878348704435661
geburt,2,0.000878348704435661
reform,2,0.000878348704435661
bemessung,2,0.000878348704435661
orientieren,2,0.000878348704435661
finanziell,2,0.000878348704435661
freibetrag,2,0.000878348704435661
behandeln,2,0.000878348704435661
entsprechend,2,0.000878348704435661
einführen,2,0.000878348704435661
oft,2,0.000878348704435661
geben,2,0.000878348704435661
beispielsweise,2,0.000878348704435661
auswirkung,2,0.000878348704435661
höhe,2,0.000878348704435661
teil,2,0.000878348704435661
anheben,2,0.000878348704435661
hinaus,2,0.000878348704435661
sofortig,2,0.000878348704435661
beseitigung,2,0.000878348704435661
ost,2,0.000878348704435661
west,2,0.000878348704435661
projekt,2,0.000878348704435661
dauer,2,0.000878348704435661
vater,2,0.000878348704435661
familie,2,0.000878348704435661
grundgesetz,2,0.000878348704435661
heißen,2,0.000878348704435661
arbeitnehmer,2,0.000878348704435661
erhöhen,2,0.000878348704435661
mikroklimas,2,0.000878348704435661
staat,2,0.000878348704435661
tatsächlich,2,0.000878348704435661
wirken,2,0.000878348704435661
invasiv,2,0.000878348704435661
durchschnittlich,2,0.000878348704435661
verursachen,2,0.000878348704435661
angepasst,2,0.000878348704435661
entgegen,2,0.000878348704435661
regelfall,2,0.000878348704435661
dürfen,2,0.000878348704435661
regelfähig,1,0.0004391743522178305
unterer,1,0.0004391743522178305
gerade,1,0.0004391743522178305
breit,1,0.0004391743522178305
lebensstandard,1,0.0004391743522178305
eu-richtlinie,1,0.0004391743522178305
technikoffenheit,1,0.0004391743522178305
steinkohle,1,0.0004391743522178305
zurückgegeben,1,0.0004391743522178305
energiequelle,1,0.0004391743522178305
schränken,1,0.0004391743522178305
kernaufgabe,1,0.0004391743522178305
sicherzustellen,1,0.0004391743522178305
wild,1,0.0004391743522178305
gesundheit,1,0.0004391743522178305
ökonomie,1,0.0004391743522178305
ökologie,1,0.0004391743522178305
naherholung,1,0.0004391743522178305
grundlast,1,0.0004391743522178305
heimatlich,1,0.0004391743522178305
einklang,1,0.0004391743522178305
drastisch,1,0.0004391743522178305
gesamtfläche,1,0.0004391743522178305
drittel,1,0.0004391743522178305
waldbaulich,1,0.0004391743522178305
gaskraftwerk,1,0.0004391743522178305
gasversorgung,1,0.0004391743522178305
etwa,1,0.0004391743522178305
tierwelt,1,0.0004391743522178305
bewahrung,1,0.0004391743522178305
fertigstellung,1,0.0004391743522178305
elektromobilität,1,0.0004391743522178305
bewalden,1,0.0004391743522178305
wasserstoff,1,0.0004391743522178305
gesund,1,0.0004391743522178305
ausstiegsplan,1,0.0004391743522178305
betreiben,1,0.0004391743522178305
artenschutz,1,0.0004391743522178305
alternativ,1,0.0004391743522178305
anlandung,1,0.0004391743522178305
flüssiggas,1,0.0004391743522178305
verstromung,1,0.0004391743522178305
braun,1,0.0004391743522178305
flecken,1,0.0004391743522178305
kohleverstromung,1,0.0004391743522178305
erschließung,1,0.0004391743522178305
brutreaktor,1,0.0004391743522178305
fusionsenergie,1,0.0004391743522178305
privatwirtschaftlich,1,0.0004391743522178305
problematisch,1,0.0004391743522178305
raumfahrt,1,0.0004391743522178305
ausnahmeverordnung,1,0.0004391743522178305
wettbewerb,1,0.0004391743522178305
unterstütz,1,0.0004391743522178305
fortsetzung,1,0.0004391743522178305
artenschutzrechtlich,1,0.0004391743522178305
wildtiermanagement,1,0.0004391743522178305
aktiv,1,0.0004391743522178305
raumfahrtprogramme,1,0.0004391743522178305
weltraum,1,0.0004391743522178305
iii+,1,0.0004391743522178305
rohstoffquell,1,0.0004391743522178305
kombination,1,0.0004391743522178305
tierschutzgesetz,1,0.0004391743522178305
aufklärungsinitiativ,1,0.0004391743522178305
heute,1,0.0004391743522178305
sichtbar,1,0.0004391743522178305
entnahmegrund,1,0.0004391743522178305
rufen,1,0.0004391743522178305
schaffung,1,0.0004391743522178305
eigenschaft,1,0.0004391743522178305
kompetenzzentr,1,0.0004391743522178305
abfallbeseitigungs-und,1,0.0004391743522178305
rohstoffrückgewinnungstechniken,1,0.0004391743522178305
wildtierbestandsgröß,1,0.0004391743522178305
reaktorkonzept,1,0.0004391743522178305
verwertbare,1,0.0004391743522178305
forcieren,1,0.0004391743522178305
kernkraftwerk-reststoff,1,0.0004391743522178305
zielsetzung,1,0.0004391743522178305
berufung,1,0.0004391743522178305
rückholbar,1,0.0004391743522178305
lagern,1,0.0004391743522178305
geschlossen,1,0.0004391743522178305
brennstoffkreislauf,1,0.0004391743522178305
behörde,1,0.0004391743522178305
stattdessen,1,0.0004391743522178305
wolf,1,0.0004391743522178305
nutzbarmachung,1,0.0004391743522178305
sicherung,1,0.0004391743522178305
wiederansiedlung,1,0.0004391743522178305
lagerung,1,0.0004391743522178305
fortschrittlich,1,0.0004391743522178305
hochradioaktiv,1,0.0004391743522178305
reststoffen,1,0.0004391743522178305
geologisch,1,0.0004391743522178305
bedingungslos,1,0.0004391743522178305
wiedereinrichtung,1,0.0004391743522178305
kernforschungszentr,1,0.0004391743522178305
korrigieren,1,0.0004391743522178305
wissen,1,0.0004391743522178305
betrieb,1,0.0004391743522178305
überwacht,1,0.0004391743522178305
bau,1,0.0004391743522178305
zeitnah,1,0.0004391743522178305
kernreaktore,1,0.0004391743522178305
grundvoraussetzung,1,0.0004391743522178305
umweltbelastung,1,0.0004391743522178305
günstig,1,0.0004391743522178305
lehrpläne,1,0.0004391743522178305
übernahme,1,0.0004391743522178305
subventionierung,1,0.0004391743522178305
vorgabe,1,0.0004391743522178305
geschwätzig,1,0.0004391743522178305
formuliert,1,0.0004391743522178305
kompetenzraster,1,0.0004391743522178305
verdrängen,1,0.0004391743522178305
massiv,1,0.0004391743522178305
lehrinhalte,1,0.0004391743522178305
streben,1,0.0004391743522178305
treten,1,0.0004391743522178305
hintergrund,1,0.0004391743522178305
lärmemission,1,0.0004391743522178305
bestrebung,1,0.0004391743522178305
entfernen,1,0.0004391743522178305
meinung,1,0.0004391743522178305
verfälschen,1,0.0004391743522178305
grundschule,1,0.0004391743522178305
inhalt,1,0.0004391743522178305
pflichtstoff,1,0.0004391743522178305
infraschall,1,0.0004391743522178305
widerspruch,1,0.0004391743522178305
neutralitätsgebot,1,0.0004391743522178305
schattenschlag,1,0.0004391743522178305
demokratieprinzip,1,0.0004391743522178305
schadwirkung,1,0.0004391743522178305
brauchtum,1,0.0004391743522178305
mundart,1,0.0004391743522178305
pflegen,1,0.0004391743522178305
wozu,1,0.0004391743522178305
unkritisch,1,0.0004391743522178305
eigen,1,0.0004391743522178305
gravierend,1,0.0004391743522178305
photovoltaikanlagen,1,0.0004391743522178305
schuljahr,1,0.0004391743522178305
vorwiegend,1,0.0004391743522178305
digitalfrei,1,0.0004391743522178305
veränderung,1,0.0004391743522178305
aneignung,1,0.0004391743522178305
kulturtechnike,1,0.0004391743522178305
lesen,1,0.0004391743522178305
rechn,1,0.0004391743522178305
schreiben,1,0.0004391743522178305
dienen,1,0.0004391743522178305
vereint,1,0.0004391743522178305
nation,1,0.0004391743522178305
behinderten,1,0.0004391743522178305
teilhabe,1,0.0004391743522178305
bildungssystem,1,0.0004391743522178305
indoktrination,1,0.0004391743522178305
garantieren,1,0.0004391743522178305
erfüllen,1,0.0004391743522178305
besonder,1,0.0004391743522178305
aufheizung,1,0.0004391743522178305
regelschule,1,0.0004391743522178305
verstärken,1,0.0004391743522178305
kulturlandschaft,1,0.0004391743522178305
förder,1,0.0004391743522178305
sonderschule,1,0.0004391743522178305
sonderpädagogisch,1,0.0004391743522178305
klassenzimmer,1,0.0004391743522178305
zerstören,1,0.0004391743522178305
politisch,1,0.0004391743522178305
windindustrie,1,0.0004391743522178305
lokal,1,0.0004391743522178305
kulturverein,1,0.0004391743522178305
gesichert,1,0.0004391743522178305
meer,1,0.0004391743522178305
rohstoffarm,1,0.0004391743522178305
zulassen,1,0.0004391743522178305
aufgrund,1,0.0004391743522178305
angst,1,0.0004391743522178305
versuchen,1,0.0004391743522178305
parlament,1,0.0004391743522178305
positiv,1,0.0004391743522178305
zukunftserwartung,1,0.0004391743522178305
vermitteln,1,0.0004391743522178305
standort,1,0.0004391743522178305
verzicht,1,0.0004391743522178305
rückschritt,1,0.0004391743522178305
windenergieanlag,1,0.0004391743522178305
sozialismus,1,0.0004391743522178305
umweltschutz,1,0.0004391743522178305
technischer,1,0.0004391743522178305
zugleich,1,0.0004391743522178305
hinterlassen,1,0.0004391743522178305
heimat,1,0.0004391743522178305
wildlebend,1,0.0004391743522178305
freihalten,1,0.0004391743522178305
windindustrieanlag,1,0.0004391743522178305
holz,1,0.0004391743522178305
energieträger,1,0.0004391743522178305
darum,1,0.0004391743522178305
herausforderung,1,0.0004391743522178305
gegenwart,1,0.0004391743522178305
baumaterial,1,0.0004391743522178305
begegnen,1,0.0004391743522178305
erreichen,1,0.0004391743522178305
beeinträchtigung,1,0.0004391743522178305
kommunal,1,0.0004391743522178305
fehlender,1,0.0004391743522178305
windkraftanlage,1,0.0004391743522178305
wohnungsneubau,1,0.0004391743522178305
insekt,1,0.0004391743522178305
landflucht,1,0.0004391743522178305
ein-personen-haushalte,1,0.0004391743522178305
fledermäuse,1,0.0004391743522178305
vögel,1,0.0004391743522178305
ungezügelt,1,0.0004391743522178305
gesetzeswidrig,1,0.0004391743522178305
migration,1,0.0004391743522178305
mittlerer,1,0.0004391743522178305
angespannt,1,0.0004391743522178305
markt,1,0.0004391743522178305
zusehends,1,0.0004391743522178305
schwer,1,0.0004391743522178305
finden,1,0.0004391743522178305
erwarten,1,0.0004391743522178305
minimieren,1,0.0004391743522178305
belastung,1,0.0004391743522178305
wirkung,1,0.0004391743522178305
wohnkost,1,0.0004391743522178305
vermindern,1,0.0004391743522178305
einkommensschwach,1,0.0004391743522178305
mieter,1,0.0004391743522178305
vermehrt,1,0.0004391743522178305
verheerend,1,0.0004391743522178305
studie,1,0.0004391743522178305
antasten,1,0.0004391743522178305
schutzgebiet,1,0.0004391743522178305
durchmischung,1,0.0004391743522178305
reicht,1,0.0004391743522178305
verschmutzung,1,0.0004391743522178305
quanten-kryptographie,1,0.0004391743522178305
verringerung,1,0.0004391743522178305
elementar,1,0.0004391743522178305
hochgeschwindigkeitsnetz,1,0.0004391743522178305
angestrebt,1,0.0004391743522178305
betäubung,1,0.0004391743522178305
deutschlandtakt,1,0.0004391743522178305
gestalten,1,0.0004391743522178305
verkürzung,1,0.0004391743522178305
reisezeit,1,0.0004391743522178305
kurz,1,0.0004391743522178305
tiertransporte,1,0.0004391743522178305
schlachtbetrieb,1,0.0004391743522178305
außerdem,1,0.0004391743522178305
verbindung,1,0.0004391743522178305
oberer,1,0.0004391743522178305
global,1,0.0004391743522178305
tierhaltung,1,0.0004391743522178305
erweiterung,1,0.0004391743522178305
wirtschaftsstandort,1,0.0004391743522178305
kopplung,1,0.0004391743522178305
verlangen,1,0.0004391743522178305
wachstum,1,0.0004391743522178305
innovativ,1,0.0004391743522178305
umliegend,1,0.0004391743522178305
tierart,1,0.0004391743522178305
haltungssystem,1,0.0004391743522178305
schwach,1,0.0004391743522178305
ausgelastet,1,0.0004391743522178305
verkehrsflughäfen,1,0.0004391743522178305
artgerecht,1,0.0004391743522178305
nutztierhaltung,1,0.0004391743522178305
mitgeschöpf,1,0.0004391743522178305
gesamt,1,0.0004391743522178305
schlachtvorgang,1,0.0004391743522178305
verantwortung,1,0.0004391743522178305
modell,1,0.0004391743522178305
verdichten,1,0.0004391743522178305
sichererer,1,0.0004391743522178305
tierschutz,1,0.0004391743522178305
verstoß,1,0.0004391743522178305
bekannt,1,0.0004391743522178305
verlässlich,1,0.0004391743522178305
schienenverkehr,1,0.0004391743522178305
schienenpersonenverkehr,1,0.0004391743522178305
einsetzen,1,0.0004391743522178305
abgestimmt,1,0.0004391743522178305
nah,1,0.0004391743522178305
fernverkehrsnetz,1,0.0004391743522178305
einfach,1,0.0004391743522178305
zuverlässig,1,0.0004391743522178305
schweiz,1,0.0004391743522178305
ausnahme,1,0.0004391743522178305
pünktlichkeit,1,0.0004391743522178305
export,1,0.0004391743522178305
sauberkeit,1,0.0004391743522178305
optimal,1,0.0004391743522178305
bus-,1,0.0004391743522178305
bahn,1,0.0004391743522178305
vernetzung,1,0.0004391743522178305
einschränkung,1,0.0004391743522178305
darüber,1,0.0004391743522178305
vernachlässigt,1,0.0004391743522178305
schienennetz,1,0.0004391743522178305
engpässen,1,0.0004391743522178305
unzulässig,1,0.0004391743522178305
hiervon,1,0.0004391743522178305
fühlend,1,0.0004391743522178305
sicherheitsbereich,1,0.0004391743522178305
eintrag,1,0.0004391743522178305
anbindung,1,0.0004391743522178305
heutig,1,0.0004391743522178305
zusammenleben,1,0.0004391743522178305
bewussen,1,0.0004391743522178305
allgemeingüter,1,0.0004391743522178305
naturnah,1,0.0004391743522178305
wasser,1,0.0004391743522178305
reine,1,0.0004391743522178305
hierzu,1,0.0004391743522178305
primärenergieträger,1,0.0004391743522178305
anbieteroffen,1,0.0004391743522178305
bereitstellung,1,0.0004391743522178305
glasfaseranschlüssen,1,0.0004391743522178305
leistungsfähig,1,0.0004391743522178305
kostengünstiger,1,0.0004391743522178305
pipeline,1,0.0004391743522178305
weiterentwickeln,1,0.0004391743522178305
mobilfunknetz,1,0.0004391743522178305
zwingend,1,0.0004391743522178305
mobilfunk-frequenzbandversteigerung,1,0.0004391743522178305
hindernis,1,0.0004391743522178305
koordination,1,0.0004391743522178305
prägen,1,0.0004391743522178305
preistreiber,1,0.0004391743522178305
endkund,1,0.0004391743522178305
überdacht,1,0.0004391743522178305
glasfasernetz,1,0.0004391743522178305
ballungsraum,1,0.0004391743522178305
parallelstruktur,1,0.0004391743522178305
insellösunge,1,0.0004391743522178305
weiße,1,0.0004391743522178305
schutz,1,0.0004391743522178305
räumlich,1,0.0004391743522178305
gate-to-gate,1,0.0004391743522178305
wirkstoff,1,0.0004391743522178305
geschehen,1,0.0004391743522178305
konsequent,1,0.0004391743522178305
ausstatten,1,0.0004391743522178305
personell,1,0.0004391743522178305
luftverkehrskonzept,1,0.0004391743522178305
2021,1,0.0004391743522178305
strukturell,1,0.0004391743522178305
strategisch,1,0.0004391743522178305
bundesinstitut,1,0.0004391743522178305
automobil,1,0.0004391743522178305
übernehmen,1,0.0004391743522178305
forschungseinrichtung,1,0.0004391743522178305
zulieferindustrie,1,0.0004391743522178305
giftpflanze,1,0.0004391743522178305
bundesregierung,1,0.0004391743522178305
verkehrsachse,1,0.0004391743522178305
europäisch,1,0.0004391743522178305
ebene,1,0.0004391743522178305
gesetzgebung,1,0.0004391743522178305
verbrennungsmotor,1,0.0004391743522178305
nutz,1,0.0004391743522178305
antriebsforme,1,0.0004391743522178305
ablösen,1,0.0004391743522178305
existieren,1,0.0004391743522178305
fachlich,1,0.0004391743522178305
pflanzenschutz,1,0.0004391743522178305
landschaftsschutz,1,0.0004391743522178305
praxiskonforme,1,0.0004391743522178305
verankerung,1,0.0004391743522178305
zählen,1,0.0004391743522178305
wasserwege,1,0.0004391743522178305
schiene,1,0.0004391743522178305
straße,1,0.0004391743522178305
bürg,1,0.0004391743522178305
stören,1,0.0004391743522178305
nutzer,1,0.0004391743522178305
ökosystem,1,0.0004391743522178305
unbemerken,1,0.0004391743522178305
kostenneutral,1,0.0004391743522178305
erfolgen,1,0.0004391743522178305
heimisch,1,0.0004391743522178305
5g-netzausbau,1,0.0004391743522178305
frequenz,1,0.0004391743522178305
warenumschlagplätz,1,0.0004391743522178305
hinblick,1,0.0004391743522178305
risiko,1,0.0004391743522178305
weiterhin,1,0.0004391743522178305
laufend,1,0.0004391743522178305
müss,1,0.0004391743522178305
netzübergang,1,0.0004391743522178305
informieren,1,0.0004391743522178305
sowohl,1,0.0004391743522178305
intern,1,0.0004391743522178305
interaktion,1,0.0004391743522178305
e-government,1,0.0004391743522178305
ausbauen,1,0.0004391743522178305
persönlich,1,0.0004391743522178305
abgewickelt,1,0.0004391743522178305
hafen,1,0.0004391743522178305
künstlich,1,0.0004391743522178305
intelligenz,1,0.0004391743522178305
ausgehend,1,0.0004391743522178305
zukunft,1,0.0004391743522178305
kompetenz,1,0.0004391743522178305
betreiber,1,0.0004391743522178305
ökologisch,1,0.0004391743522178305
gleichermaßen,1,0.0004391743522178305
anwendung,1,0.0004391743522178305
eindämmen,1,0.0004391743522178305
entwicklungsland,1,0.0004391743522178305
lösen,1,0.0004391743522178305
wettbewerbsfähig,1,0.0004391743522178305
wiederaufbereitungstechnologien,1,0.0004391743522178305
verbesserung,1,0.0004391743522178305
verpflichtung,1,0.0004391743522178305
ausbreitung,1,0.0004391743522178305
anbieter,1,0.0004391743522178305
plattform,1,0.0004391743522178305
diskriminierungsfrei,1,0.0004391743522178305
zugang,1,0.0004391743522178305
pflanzenart,1,0.0004391743522178305
ausgabe,1,0.0004391743522178305
gründe,1,0.0004391743522178305
gleichgewicht,1,0.0004391743522178305
einschleppung,1,0.0004391743522178305
wirtschaftsspionage,1,0.0004391743522178305
it-sicherheit,1,0.0004391743522178305
anstrengung,1,0.0004391743522178305
umgehend,1,0.0004391743522178305
aufstocken,1,0.0004391743522178305
schaden,1,0.0004391743522178305
hiesig,1,0.0004391743522178305
struktur,1,0.0004391743522178305
glasfaser,1,0.0004391743522178305
funknetzausbau,1,0.0004391743522178305
vorbild,1,0.0004391743522178305
negativ,1,0.0004391743522178305
roaming,1,0.0004391743522178305
bundesrepublik,1,0.0004391743522178305
bündeln,1,0.0004391743522178305
sprechen,1,0.0004391743522178305
ethisch,1,0.0004391743522178305
autobahn,1,0.0004391743522178305
lebendtransport,1,0.0004391743522178305
pflicht,1,0.0004391743522178305
brück,1,0.0004391743522178305
dringend,1,0.0004391743522178305
sanieren,1,0.0004391743522178305
instand,1,0.0004391743522178305
geboten,1,0.0004391743522178305
gehen,1,0.0004391743522178305
ausführung,1,0.0004391743522178305
baustelle,1,0.0004391743522178305
schnell,1,0.0004391743522178305
arbeit,1,0.0004391743522178305
lkw-parkplätze,1,0.0004391743522178305
konzept,1,0.0004391743522178305
fernhandelsstraße,1,0.0004391743522178305
schächtung,1,0.0004391743522178305
rollenden,1,0.0004391743522178305
landstraße,1,0.0004391743522178305
wechselbrückenumschlag,1,0.0004391743522178305
transitverbindung,1,0.0004391743522178305
schlachtung,1,0.0004391743522178305
tierquälerisch,1,0.0004391743522178305
fleisch,1,0.0004391743522178305
einfuhr,1,0.0004391743522178305
verladestell,1,0.0004391743522178305
multimodal,1,0.0004391743522178305
bewerbung,1,0.0004391743522178305
güterverkehrszentren,1,0.0004391743522178305
handel,1,0.0004391743522178305
streckenbeeinflussungsanlag,1,0.0004391743522178305
situationsgerecht,1,0.0004391743522178305
temporär,1,0.0004391743522178305
verkehrschaos,1,0.0004391743522178305
dringen,1,0.0004391743522178305
bedürfnissen,1,0.0004391743522178305
verkehrspolitik,1,0.0004391743522178305
warenverkehr,1,0.0004391743522178305
weltweit,1,0.0004391743522178305
geleitet,1,0.0004391743522178305
verbotspolitik,1,0.0004391743522178305
schlepptau,1,0.0004391743522178305
bestimmt,1,0.0004391743522178305
verkehrsmittel,1,0.0004391743522178305
diskriminieren,1,0.0004391743522178305
aussetzen,1,0.0004391743522178305
mobilität,1,0.0004391743522178305
motorisiert,1,0.0004391743522178305
individualverkehr,1,0.0004391743522178305
verstoßen,1,0.0004391743522178305
beliebte,1,0.0004391743522178305
möglichkeit,1,0.0004391743522178305
fortbewegung,1,0.0004391743522178305
intelligent,1,0.0004391743522178305
tierschutzrecht,1,0.0004391743522178305
stauvermeidend,1,0.0004391743522178305
verkehrsführung,1,0.0004391743522178305
nachweislich,1,0.0004391743522178305
drittland,1,0.0004391743522178305
innerstädtisch,1,0.0004391743522178305
fahrspur,1,0.0004391743522178305
parkraum,1,0.0004391743522178305
wachsend,1,0.0004391743522178305
vier,1,0.0004391743522178305
prinzip,1,0.0004391743522178305
datenschutzkonform,1,0.0004391743522178305
beitragsfinanziert,1,0.0004391743522178305
zentral,1,0.0004391743522178305
bundesweit,1,0.0004391743522178305
bedarfsermittlung,1,0.0004391743522178305
fehlend,1,0.0004391743522178305
ursache,1,0.0004391743522178305
wohnungsbau,1,0.0004391743522178305
mangelhaft,1,0.0004391743522178305
obdachlose,1,0.0004391743522178305
wahrnehmen,1,0.0004391743522178305
rand,1,0.0004391743522178305
eher,1,0.0004391743522178305
bislang,1,0.0004391743522178305
hartz,1,0.0004391743522178305
sogenanntes,1,0.0004391743522178305
aktivierend,1,0.0004391743522178305
statistik,1,0.0004391743522178305
erfassung,1,0.0004391743522178305
assistenz,1,0.0004391743522178305
grund,1,0.0004391743522178305
finanzierbar,1,0.0004391743522178305
rentenfinanzierung,1,0.0004391743522178305
steuerzuschuss,1,0.0004391743522178305
einbeziehen,1,0.0004391743522178305
belang,1,0.0004391743522178305
unerträglich,1,0.0004391743522178305
leistungsträger,1,0.0004391743522178305
entlasten,1,0.0004391743522178305
million,1,0.0004391743522178305
würde,1,0.0004391743522178305
lebensabend,1,0.0004391743522178305
rentenalter,1,0.0004391743522178305
partei,1,0.0004391743522178305
würden,1,0.0004391743522178305
gängeln,1,0.0004391743522178305
versicherter,1,0.0004391743522178305
haushaltspolitisch,1,0.0004391743522178305
strikt,1,0.0004391743522178305
arbeitslos,1,0.0004391743522178305
erwerbstätigkeit,1,0.0004391743522178305
solidargemeinschaft,1,0.0004391743522178305
steuerzahler,1,0.0004391743522178305
belasten,1,0.0004391743522178305
maximal,1,0.0004391743522178305
tätigkeit,1,0.0004391743522178305
existenzsichernd,1,0.0004391743522178305
arbeitsuchende,1,0.0004391743522178305
leistung,1,0.0004391743522178305
zeitgeist,1,0.0004391743522178305
linker,1,0.0004391743522178305
aktuell,1,0.0004391743522178305
rechnen,1,0.0004391743522178305
ächtung,1,0.0004391743522178305
anspruch,1,0.0004391743522178305
arbeitslose,1,0.0004391743522178305
nie,1,0.0004391743522178305
selbstbehalt,1,0.0004391743522178305
leistungsberechtigt,1,0.0004391743522178305
arbeitslosigkeit,1,0.0004391743522178305
erwerbsbiografie,1,0.0004391743522178305
gebot,1,0.0004391743522178305
sanktionsfrei,1,0.0004391743522178305
berechnung,1,0.0004391743522178305
vorbeschäftigung,1,0.0004391743522178305
zuvor,1,0.0004391743522178305
abhängigkeit,1,0.0004391743522178305
bezugsdauer,1,0.0004391743522178305
dar,1,0.0004391743522178305
langjährig,1,0.0004391743522178305
geringschätzung,1,0.0004391743522178305
arbeitslosenversicherung,1,0.0004391743522178305
richtig,1,0.0004391743522178305
rentenhöhe,1,0.0004391743522178305
didaktisch-methodisch,1,0.0004391743522178305
anspruchs,1,0.0004391743522178305
anknüpfen,1,0.0004391743522178305
betriebszugehörigkeit,1,0.0004391743522178305
zurückgelegter,1,0.0004391743522178305
gewähren,1,0.0004391743522178305
angemessen,1,0.0004391743522178305
pauschaliert,1,0.0004391743522178305
ausgleich,1,0.0004391743522178305
rentenüberleitungsprozess,1,0.0004391743522178305
unbilligkeit,1,0.0004391743522178305
härtefall,1,0.0004391743522178305
rentenbeginn,1,0.0004391743522178305
unterschied,1,0.0004391743522178305
übergangsregelung,1,0.0004391743522178305
auslaufen,1,0.0004391743522178305
ungereimtheit,1,0.0004391743522178305
neben,1,0.0004391743522178305
gegenüber,1,0.0004391743522178305
ostrentner,1,0.0004391743522178305
anpassen,1,0.0004391743522178305
einkommensteuerlast,1,0.0004391743522178305
beurteilen,1,0.0004391743522178305
kritisch,1,0.0004391743522178305
abschaffen,1,0.0004391743522178305
zustand,1,0.0004391743522178305
verfassungswidrig,1,0.0004391743522178305
rechtlich,1,0.0004391743522178305
ganz,1,0.0004391743522178305
doppelbesteuerung,1,0.0004391743522178305
unterliegen,1,0.0004391743522178305
steuer,1,0.0004391743522178305
2005,1,0.0004391743522178305
rentner,1,0.0004391743522178305
rentenbesteuerung,1,0.0004391743522178305
anwartschaftsüberführungsgesetz,1,0.0004391743522178305
renten-überleitungsgesetz,1,0.0004391743522178305
hängen,1,0.0004391743522178305
rentenüberleitung,1,0.0004391743522178305
afd-politik,1,0.0004391743522178305
integral,1,0.0004391743522178305
verringern,1,0.0004391743522178305
anrechnen,1,0.0004391743522178305
altersrent,1,0.0004391743522178305
weniger,1,0.0004391743522178305
person,1,0.0004391743522178305
bessergestellen,1,0.0004391743522178305
gering,1,0.0004391743522178305
rentenkasse,1,0.0004391743522178305
lange,1,0.0004391743522178305
zeitpunkt,1,0.0004391743522178305
bekommen,1,0.0004391743522178305
arbeiten,1,0.0004391743522178305
eingezahlten,1,0.0004391743522178305
anregen,1,0.0004391743522178305
einfordern,1,0.0004391743522178305
ausdruck,1,0.0004391743522178305
beitragsaufkomme,1,0.0004391743522178305
erfolgt,1,0.0004391743522178305
neunziger,1,0.0004391743522178305
ostrent,1,0.0004391743522178305
überleitung,1,0.0004391743522178305
wiedervereinigung,1,0.0004391743522178305
bestehen,1,0.0004391743522178305
aufnehmen,1,0.0004391743522178305
staatsbedienstete,1,0.0004391743522178305
staatsbedienstet,1,0.0004391743522178305
großteil,1,0.0004391743522178305
altersversorgung,1,0.0004391743522178305
beamtenrechtlich,1,0.0004391743522178305
beruhen,1,0.0004391743522178305
darauf,1,0.0004391743522178305
einschlagen,1,0.0004391743522178305
lebensweg,1,0.0004391743522178305
dürfen,1,0.0004391743522178305
steuerlast,1,0.0004391743522178305
hochschulbildung,1,0.0004391743522178305
schulbildung,1,0.0004391743522178305
entfesseln,1,0.0004391743522178305
technologieführerschaft,1,0.0004391743522178305
blue-deal-entwicklungsplan,1,0.0004391743522178305
tabellenbetrag,1,0.0004391743522178305
inzwischen,1,0.0004391743522178305
grundfreibetrag,1,0.0004391743522178305
einzelgesetze,1,0.0004391743522178305
bundestag,1,0.0004391743522178305
legislaturperiode,1,0.0004391743522178305
18.,1,0.0004391743522178305
steuertabelle,1,0.0004391743522178305
festschreibung,1,0.0004391743522178305
einkommenswachstum,1,0.0004391743522178305
forschung,1,0.0004391743522178305
verstärkt,1,0.0004391743522178305
mint-fächer,1,0.0004391743522178305
quantencomputing,1,0.0004391743522178305
mitgestalen,1,0.0004391743522178305
langfristig,1,0.0004391743522178305
bringen,1,0.0004391743522178305
stand,1,0.0004391743522178305
weltraumnutzung,1,0.0004391743522178305
geschäftsmodellen,1,0.0004391743522178305
entwicklungsplan,1,0.0004391743522178305
produkt,1,0.0004391743522178305
aufstellung,1,0.0004391743522178305
kompetenz-cluster,1,0.0004391743522178305
pharmazeutisch,1,0.0004391743522178305
wiederaufbau,1,0.0004391743522178305
zukunftschance,1,0.0004391743522178305
technologische,1,0.0004391743522178305
lediglich,1,0.0004391743522178305
überproportional,1,0.0004391743522178305
entscheiden,1,0.0004391743522178305
gleiche,1,0.0004391743522178305
geld,1,0.0004391743522178305
inflationierung,1,0.0004391743522178305
gewiß,1,0.0004391743522178305
nahezu,1,0.0004391743522178305
klar,1,0.0004391743522178305
satz,1,0.0004391743522178305
benachteiligen,1,0.0004391743522178305
geschlecht,1,0.0004391743522178305
wegen,1,0.0004391743522178305
niemand,1,0.0004391743522178305
nachteil,1,0.0004391743522178305
durchsetzung,1,0.0004391743522178305
gleichberechtigt,1,0.0004391743522178305
artikel,1,0.0004391743522178305
gesetz,1,0.0004391743522178305
akt,1,0.0004391743522178305
progressiv,1,0.0004391743522178305
tabellenbelastung,1,0.0004391743522178305
progression,1,0.0004391743522178305
geldwert,1,0.0004391743522178305
gewollt,1,0.0004391743522178305
gesetzgeberisch,1,0.0004391743522178305
ursprünglich,1,0.0004391743522178305
schmelz,1,0.0004391743522178305
jährlich,1,0.0004391743522178305
kalt,1,0.0004391743522178305
bemessungsgrundlag,1,0.0004391743522178305
konstant,1,0.0004391743522178305
bestimmen,1,0.0004391743522178305
maßgeblich,1,0.0004391743522178305
pauschal,1,0.0004391743522178305
pauschbetrag,1,0.0004391743522178305
freigrenz,1,0.0004391743522178305
offensiv,1,0.0004391743522178305
beteiligung,1,0.0004391743522178305
chinesisch,1,0.0004391743522178305
seidenstraße,1,0.0004391743522178305
beide,1,0.0004391743522178305
und-pflichten,1,0.0004391743522178305
umgangsrecht,1,0.0004391743522178305
legen,1,0.0004391743522178305
erziehung,1,0.0004391743522178305
augenmerk,1,0.0004391743522178305
aufwächsen,1,0.0004391743522178305
müttern,1,0.0004391743522178305
trennungskind,1,0.0004391743522178305
mehrheit,1,0.0004391743522178305
durchgeführt,1,0.0004391743522178305
möglichst,1,0.0004391743522178305
qualitätsstandard,1,0.0004391743522178305
transparent,1,0.0004391743522178305
schwangerschaftsberatung,1,0.0004391743522178305
elternteil,1,0.0004391743522178305
nichtehelich,1,0.0004391743522178305
gemeinsam,1,0.0004391743522178305
trennung,1,0.0004391743522178305
genauso,1,0.0004391743522178305
achtung,1,0.0004391743522178305
gebührend,1,0.0004391743522178305
vollwertig,1,0.0004391743522178305
verstehen,1,0.0004391743522178305
scheidung,1,0.0004391743522178305
ansprüche,1,0.0004391743522178305
sorgerecht,1,0.0004391743522178305
ehepartner,1,0.0004391743522178305
fehlverhalten,1,0.0004391743522178305
schwerwiegend,1,0.0004391743522178305
straftat,1,0.0004391743522178305
1977,1,0.0004391743522178305
familienrecht,1,0.0004391743522178305
terstützen,1,0.0004391743522178305
ehe-start-kredit,1,0.0004391743522178305
familiengründung,1,0.0004391743522178305
asylanerkennung,1,0.0004391743522178305
wahrung,1,0.0004391743522178305
ungerecht,1,0.0004391743522178305
solidarsystem,1,0.0004391743522178305
teilnahme,1,0.0004391743522178305
vorangegangen,1,0.0004391743522178305
gleichstellung,1,0.0004391743522178305
muslimisch,1,0.0004391743522178305
prozeß,1,0.0004391743522178305
unterdrückung,1,0.0004391743522178305
bildungsbereich,1,0.0004391743522178305
eigenanstrengung,1,0.0004391743522178305
ergänzen,1,0.0004391743522178305
initiative,1,0.0004391743522178305
strategie,1,0.0004391743522178305
ende,1,0.0004391743522178305
zusammenbruch,1,0.0004391743522178305
erstanschaffung,1,0.0004391743522178305
kindergeld,1,0.0004391743522178305
jung,1,0.0004391743522178305
betrag,1,0.0004391743522178305
übliche,1,0.0004391743522178305
ausland,1,0.0004391743522178305
beispiel,1,0.0004391743522178305
beibehalten,1,0.0004391743522178305
nettogehalt,1,0.0004391743522178305
betreuungsgeld,1,0.0004391743522178305
allgemein,1,0.0004391743522178305
deckeln,1,0.0004391743522178305
letzter,1,0.0004391743522178305
nettolohn,1,0.0004391743522178305
bisherig,1,0.0004391743522178305
lohnersatzleistung,1,0.0004391743522178305
dadurch,1,0.0004391743522178305
steuerfreibetrag,1,0.0004391743522178305
steuerpolitisch,1,0.0004391743522178305
beschäftigen,1,0.0004391743522178305
zahn-)ärztlich,1,0.0004391743522178305
kasse,1,0.0004391743522178305
beratung,1,0.0004391743522178305
qualitätskontrolle,1,0.0004391743522178305
unangekündigte,1,0.0004391743522178305
vermehrung,1,0.0004391743522178305
lebensbedrohlich,1,0.0004391743522178305
einrichtung,1,0.0004391743522178305
operativ,1,0.0004391743522178305
ambulant,1,0.0004391743522178305
abklatschabstriche,1,0.0004391743522178305
besuchszeit,1,0.0004391743522178305
fest,1,0.0004391743522178305
stationseingäng,1,0.0004391743522178305
händedesinfektion,1,0.0004391743522178305
vereinigung,1,0.0004391743522178305
überdurchschnittlich,1,0.0004391743522178305
antibiotikaverbrauch,1,0.0004391743522178305
krankenversicherungskart,1,0.0004391743522178305
gültig,1,0.0004391743522178305
2009,1,0.0004391743522178305
pandemie,1,0.0004391743522178305
vorliegen,1,0.0004391743522178305
begrifflich,1,0.0004391743522178305
who,1,0.0004391743522178305
patientenverfügung,1,0.0004391743522178305
runden,1,0.0004391743522178305
medikamentenübersicht,1,0.0004391743522178305
notfalldatensätz,1,0.0004391743522178305
speicherung,1,0.0004391743522178305
erfahren,1,0.0004391743522178305
phagentherapie,1,0.0004391743522178305
reserveantibiotika,1,0.0004391743522178305
desinfektionsfußmatt,1,0.0004391743522178305
mikrobiolog,1,0.0004391743522178305
versicherungsprinzip,1,0.0004391743522178305
intensivstation,1,0.0004391743522178305
inhabergeführt,1,0.0004391743522178305
arzneimittel,1,0.0004391743522178305
gewährleistung,1,0.0004391743522178305
herstellern,1,0.0004391743522178305
monat,1,0.0004391743522178305
zwei,1,0.0004391743522178305
mindestens,1,0.0004391743522178305
rezeptpflichtig,1,0.0004391743522178305
bevorratung,1,0.0004391743522178305
folgend,1,0.0004391743522178305
reformbedarf,1,0.0004391743522178305
weisen,1,0.0004391743522178305
versorgungsqualität,1,0.0004391743522178305
gleichbleibend,1,0.0004391743522178305
gefährdung,1,0.0004391743522178305
apotheke,1,0.0004391743522178305
liefer,1,0.0004391743522178305
nacht,1,0.0004391743522178305
indikation,1,0.0004391743522178305
krankenhausaufenthalt,1,0.0004391743522178305
gleichheit,1,0.0004391743522178305
hauptwirkstoff,1,0.0004391743522178305
präparat,1,0.0004391743522178305
aufsicht,1,0.0004391743522178305
ärztlich,1,0.0004391743522178305
sterbehilfe,1,0.0004391743522178305
sonn,1,0.0004391743522178305
passiv,1,0.0004391743522178305
palliativmedizin,1,0.0004391743522178305
sterben,1,0.0004391743522178305
prozess,1,0.0004391743522178305
365,1,0.0004391743522178305
feiertagsservice,1,0.0004391743522178305
zusatz,1,0.0004391743522178305
enorm,1,0.0004391743522178305
anzahl,1,0.0004391743522178305
tod,1,0.0004391743522178305
wert,1,0.0004391743522178305
ausbildungssystem,1,0.0004391743522178305
erfolgsmodell,1,0.0004391743522178305
berufsschule,1,0.0004391743522178305
ausbildung,1,0.0004391743522178305
dual,1,0.0004391743522178305
ergänzung,1,0.0004391743522178305
privatschule,1,0.0004391743522178305
trägerschaft,1,0.0004391743522178305
frei,1,0.0004391743522178305
befähigen,1,0.0004391743522178305
realschulabschluss,1,0.0004391743522178305
studierfähigkeit,1,0.0004391743522178305
ausweis,1,0.0004391743522178305
abitur,1,0.0004391743522178305
herausgehoben,1,0.0004391743522178305
modern,1,0.0004391743522178305
it-ausstattung,1,0.0004391743522178305
kriterium,1,0.0004391743522178305
lehr-lern-prozess,1,0.0004391743522178305
medium,1,0.0004391743522178305
definieren,1,0.0004391743522178305
curricula,1,0.0004391743522178305
schulintern,1,0.0004391743522178305
rahmenlehrplan,1,0.0004391743522178305
betrachten,1,0.0004391743522178305
informatikunterricht,1,0.0004391743522178305
arbeitserleichterung,1,0.0004391743522178305
sinnhaftigkeit,1,0.0004391743522178305
prämisse,1,0.0004391743522178305
stets,1,0.0004391743522178305
allerdings,1,0.0004391743522178305
fach,1,0.0004391743522178305
begabung,1,0.0004391743522178305
schulsystem,1,0.0004391743522178305
durchlässiger,1,0.0004391743522178305
auszubildender,1,0.0004391743522178305
ständig,1,0.0004391743522178305
jagen,1,0.0004391743522178305
pisa-schock,1,0.0004391743522178305
fähigkeit,1,0.0004391743522178305
kenntnis,1,0.0004391743522178305
studienanfänger,1,0.0004391743522178305
steigen,1,0.0004391743522178305
bildungsstandard,1,0.0004391743522178305
abiturientenquote,1,0.0004391743522178305
kultur,1,0.0004391743522178305
wesentlich,1,0.0004391743522178305
leistungsorientiert,1,0.0004391743522178305
erweitern,1,0.0004391743522178305
krankheitsfälle,1,0.0004391743522178305
absenkung,1,0.0004391743522178305
schulforme,1,0.0004391743522178305
schulform,1,0.0004391743522178305
bildungsgerechtigkeit,1,0.0004391743522178305
leistungsunterschied,1,0.0004391743522178305
lernen,1,0.0004391743522178305
lehren,1,0.0004391743522178305
gleichmacherei,1,0.0004391743522178305
differenzierung,1,0.0004391743522178305
erfordern,1,0.0004391743522178305
ausrichtung,1,0.0004391743522178305
führend,1,0.0004391743522178305
fachwissenschaftlich,1,0.0004391743522178305
kompetenzorientierung,1,0.0004391743522178305
ausschließlich,1,0.0004391743522178305
abkehr,1,0.0004391743522178305
heben,1,0.0004391743522178305
industrienation,1,0.0004391743522178305
angeglichen,1,0.0004391743522178305
leistungsumfang,1,0.0004391743522178305
abschnitt,1,0.0004391743522178305
steuerungsfunktion,1,0.0004391743522178305
fließen,1,0.0004391743522178305
krankenkasse,1,0.0004391743522178305
finanzierungsvereinbarung,1,0.0004391743522178305
behandlung,1,0.0004391743522178305
geburtshilfe,1,0.0004391743522178305
abteilung,1,0.0004391743522178305
notfalleinrichtunge,1,0.0004391743522178305
strukturschwach,1,0.0004391743522178305
individualbudget,1,0.0004391743522178305
kliniksterbe,1,0.0004391743522178305
beschleunigen,1,0.0004391743522178305
verwerfung,1,0.0004391743522178305
potenzieren,1,0.0004391743522178305
überkapazität,1,0.0004391743522178305
angeblich,1,0.0004391743522178305
leistungsgescheh,1,0.0004391743522178305
prüfungsergebniß,1,0.0004391743522178305
erweiterter,1,0.0004391743522178305
praxisschließung,1,0.0004391743522178305
honorarkürzung,1,0.0004391743522178305
willkürlich,1,0.0004391743522178305
kopfpauschal,1,0.0004391743522178305
selbstständigkeit,1,0.0004391743522178305
wunsch,1,0.0004391743522178305
verringert,1,0.0004391743522178305
vorzeitig,1,0.0004391743522178305
bedarf,1,0.0004391743522178305
bürokratie,1,0.0004391743522178305
überbordender,1,0.0004391743522178305
facharztbehandlung,1,0.0004391743522178305
monatelang,1,0.0004391743522178305
leistungsunabhängig,1,0.0004391743522178305
leistungsfähigkeit,1,0.0004391743522178305
bereinigung,1,0.0004391743522178305
erweisen,1,0.0004391743522178305
multimorbide,1,0.0004391743522178305
heckenschere,1,0.0004391743522178305
ablehnen,1,0.0004391743522178305
gewissensgründen,1,0.0004391743522178305
waffe,1,0.0004391743522178305
zivildienstleistend,1,0.0004391743522178305
wehrersatzdienstleistend,1,0.0004391743522178305
überlasten,1,0.0004391743522178305
nachkommend,1,0.0004391743522178305
tauglich,1,0.0004391743522178305
babyboomer,1,0.0004391743522178305
eintritt,1,0.0004391743522178305
umlagefinanziert,1,0.0004391743522178305
abgeleitet,1,0.0004391743522178305
bewahren,1,0.0004391743522178305
niedrig,1,0.0004391743522178305
darstellen,1,0.0004391743522178305
gesundheitspolitik,1,0.0004391743522178305
bauen,1,0.0004391743522178305
reformvorschläg,1,0.0004391743522178305
diagnosemethoden,1,0.0004391743522178305
sparsystem,1,0.0004391743522178305
zuteilung,1,0.0004391743522178305
drgfallpauschalensystem,1,0.0004391743522178305
finanzierung,1,0.0004391743522178305
infektion,1,0.0004391743522178305
feststellung,1,0.0004391743522178305
rückkehr,1,0.0004391743522178305
annehmen,1,0.0004391743522178305
therapiefreiheit,1,0.0004391743522178305
prävention,1,0.0004391743522178305
natürlich,1,0.0004391743522178305
eigenverantwortlichkeit,1,0.0004391743522178305
bewerten,1,0.0004391743522178305
effizienz,1,0.0004391743522178305
bedarfsorientiert,1,0.0004391743522178305
betreuung,1,0.0004391743522178305
einzeln,1,0.0004391743522178305
unverhältnismäßig,1,0.0004391743522178305
fortbestehen,1,0.0004391743522178305
abrechnungsqualität,1,0.0004391743522178305
überprüfung,1,0.0004391743522178305
pflegebereich,1,0.0004391743522178305
schieflage,1,0.0004391743522178305
pflege,1,0.0004391743522178305
entlohnung,1,0.0004391743522178305
pflegekasse,1,0.0004391743522178305
kranken,1,0.0004391743522178305
ausgabendeckelung,1,0.0004391743522178305
pflegekraft,1,0.0004391743522178305
vorhanden,1,0.0004391743522178305
pflegepersonal,1,0.0004391743522178305
abnahme,1,0.0004391743522178305
patientenzahle,1,0.0004391743522178305
verschieden,1,0.0004391743522178305
versorgungsforma,1,0.0004391743522178305
wohnform,1,0.0004391743522178305
angleichung,1,0.0004391743522178305
schnittstellenproblem,1,0.0004391743522178305
auftretend,1,0.0004391743522178305
zusammenlegung,1,0.0004391743522178305
schlagen,1,0.0004391743522178305
pflegesachleistung,1,0.0004391743522178305
pflegegelde,1,0.0004391743522178305
weitgehend,1,0.0004391743522178305
generalisiert,1,0.0004391743522178305
pflegend,1,0.0004391743522178305
hinauszuschieben,1,0.0004391743522178305
pflegebedürftigkeit,1,0.0004391743522178305
last,1,0.0004391743522178305
halten,1,0.0004391743522178305
pflegeausbildung,1,0.0004391743522178305
zuhause,1,0.0004391743522178305
folgebetreuung,1,0.0004391743522178305
befürchten,1,0.0004391743522178305
beteiligter,1,0.0004391743522178305
behandlungsqualität,1,0.0004391743522178305
mittel,1,0.0004391743522178305
kostenträger,1,0.0004391743522178305
kostenersparnis,1,0.0004391743522178305
instrument,1,0.0004391743522178305
zusammensetzen,1,0.0004391743522178305
besetzen,1,0.0004391743522178305
bonussystem,1,0.0004391743522178305
paritätisch,1,0.0004391743522178305
gegensatz,1,0.0004391743522178305
medizinischer,1,0.0004391743522178305
weiterentwickelt,1,0.0004391743522178305
flankierend,1,0.0004391743522178305
leistungsausweitung,1,0.0004391743522178305
mehrstufig,1,0.0004391743522178305
arztkontakt,1,0.0004391743522178305
pflegebedürftig,1,0.0004391743522178305
krankenhausbehandlung,1,0.0004391743522178305
druck,1,0.0004391743522178305
kurzzeitpflegeplätz,1,0.0004391743522178305
übergangssituation,1,0.0004391743522178305
unwürdig,1,0.0004391743522178305
oftmals,1,0.0004391743522178305
pflegemöglichkeit,1,0.0004391743522178305
ersetzen,1,0.0004391743522178305
leichtfertig,1,0.0004391743522178305
festbetragsregelung,1,0.0004391743522178305
versorgungslück,1,0.0004391743522178305
hilfsmittel,1,0.0004391743522178305
genehmigungspflicht,1,0.0004391743522178305
abhalten,1,0.0004391743522178305
besuch,1,0.0004391743522178305
temperaturerhöhung,1,0.0004391743522178305
