frei,146,0.023540793292486296
demokrat,136,0.021928410190261205
sollen,90,0.014511447920025799
sowie,48,0.007739438890680426
digital,43,0.006933247339567882
müssen,39,0.006288294098677846
mehr,37,0.005965817478232828
mensch,37,0.005965817478232828
fordern,34,0.005482102547565301
deutschland,32,0.0051596259271202835
gut,31,0.004998387616897775
neu,29,0.004675910996452757
schule,27,0.0043534343760077395
setzen,27,0.0043534343760077395
chance,26,0.00419219606578523
ermöglichen,25,0.004030957755562722
schaffen,24,0.003869719445340213
kind,20,0.0032247662044501773
groß,20,0.0032247662044501773
fördern,20,0.0032247662044501773
zudem,20,0.0032247662044501773
bildung,19,0.0030635278942276684
dabei,19,0.0030635278942276684
stärken,18,0.0029022895840051595
dafür,18,0.0029022895840051595
land,17,0.0027410512737826506
erhalten,16,0.0025798129635601417
unabhängig,16,0.0025798129635601417
stark,16,0.0025798129635601417
frau,15,0.002418574653337633
beruflich,15,0.002418574653337633
innovation,15,0.002418574653337633
digitalisierung,15,0.002418574653337633
daher,15,0.002418574653337633
brauchen,15,0.002418574653337633
gesetzlich,15,0.002418574653337633
unterstützen,14,0.002257336343115124
öffentlich,14,0.002257336343115124
schnell,14,0.002257336343115124
leben,13,0.002096098032892615
förderung,13,0.002096098032892615
möglichkeit,13,0.002096098032892615
hochschule,13,0.002096098032892615
ausbau,13,0.002096098032892615
möglich,12,0.0019348597226701064
schüler,12,0.0019348597226701064
versorgung,12,0.0019348597226701064
altersvorsorge,12,0.0019348597226701064
europäisch,12,0.0019348597226701064
schülerin,12,0.0019348597226701064
stellen,12,0.0019348597226701064
insbesondere,12,0.0019348597226701064
entwicklung,12,0.0019348597226701064
wichtig,12,0.0019348597226701064
sozial,12,0.0019348597226701064
herausforderung,11,0.0017736214124475975
künftig,11,0.0017736214124475975
ziel,11,0.0017736214124475975
bleiben,11,0.0017736214124475975
beitrag,11,0.0017736214124475975
entsprechend,11,0.0017736214124475975
zugang,11,0.0017736214124475975
gesellschaft,10,0.0016123831022250886
innovativ,10,0.0016123831022250886
leistung,10,0.0016123831022250886
angebot,10,0.0016123831022250886
infrastruktur,10,0.0016123831022250886
bundesweit,10,0.0016123831022250886
jahr,10,0.0016123831022250886
finanzierung,10,0.0016123831022250886
beispiel,10,0.0016123831022250886
sorgen,10,0.0016123831022250886
bund,10,0.0016123831022250886
nutzen,10,0.0016123831022250886
zukunft,10,0.0016123831022250886
unternehmen,10,0.0016123831022250886
potential,10,0.0016123831022250886
kompetenz,9,0.0014511447920025798
modernisierung,9,0.0014511447920025798
technologie,9,0.0014511447920025798
patient,9,0.0014511447920025798
dürfen,9,0.0014511447920025798
zugleich,9,0.0014511447920025798
eltern,9,0.0014511447920025798
gehören,9,0.0014511447920025798
finanziell,9,0.0014511447920025798
zeit,9,0.0014511447920025798
erreichen,9,0.0014511447920025798
lernen,9,0.0014511447920025798
jugendliche,9,0.0014511447920025798
prozent,9,0.0014511447920025798
verhindern,9,0.0014511447920025798
privat,9,0.0014511447920025798
deutsch,9,0.0014511447920025798
behinderung,9,0.0014511447920025798
gesundheitswesen,9,0.0014511447920025798
wirtschaft,9,0.0014511447920025798
bedeutung,8,0.0012899064817800709
deshalb,8,0.0012899064817800709
modern,8,0.0012899064817800709
wissenschaft,8,0.0012899064817800709
alter,8,0.0012899064817800709
zusätzlich,8,0.0012899064817800709
immer,8,0.0012899064817800709
vieler,8,0.0012899064817800709
wald,8,0.0012899064817800709
anbieten,8,0.0012899064817800709
weiterbildung,8,0.0012899064817800709
schutz,8,0.0012899064817800709
nachhaltig,8,0.0012899064817800709
gezielt,8,0.0012899064817800709
voraussetzung,8,0.0012899064817800709
beispielsweise,8,0.0012899064817800709
leisten,8,0.0012899064817800709
vollständig,8,0.0012899064817800709
krankenkasse,8,0.0012899064817800709
nutzung,8,0.0012899064817800709
stehen,8,0.0012899064817800709
klimaschutz,8,0.0012899064817800709
hinaus,8,0.0012899064817800709
einführen,8,0.0012899064817800709
ausbildung,8,0.0012899064817800709
beratung,8,0.0012899064817800709
einkommen,7,0.001128668171557562
gewährleisten,7,0.001128668171557562
klein,7,0.001128668171557562
bildungssystem,7,0.001128668171557562
sexuell,7,0.001128668171557562
hoch,7,0.001128668171557562
erhöhen,7,0.001128668171557562
schützen,7,0.001128668171557562
individuell,7,0.001128668171557562
gestalten,7,0.001128668171557562
wissenschaftlich,7,0.001128668171557562
neben,7,0.001128668171557562
geben,7,0.001128668171557562
kultur,7,0.001128668171557562
staatlich,7,0.001128668171557562
gemeinsam,7,0.001128668171557562
unterstützung,7,0.001128668171557562
orientieren,7,0.001128668171557562
echt,7,0.001128668171557562
notwendig,7,0.001128668171557562
international,7,0.001128668171557562
europa,7,0.001128668171557562
gelten,7,0.001128668171557562
familie,7,0.001128668171557562
dadurch,7,0.001128668171557562
patientinn,6,0.0009674298613350532
medizinisch,6,0.0009674298613350532
sowohl,6,0.0009674298613350532
prävention,6,0.0009674298613350532
eigen,6,0.0009674298613350532
national,6,0.0009674298613350532
ebenso,6,0.0009674298613350532
bestehend,6,0.0009674298613350532
gerecht,6,0.0009674298613350532
pflege,6,0.0009674298613350532
einzeln,6,0.0009674298613350532
langfristig,6,0.0009674298613350532
autonom,6,0.0009674298613350532
bürger,6,0.0009674298613350532
besonders,6,0.0009674298613350532
staat,6,0.0009674298613350532
verbesserung,6,0.0009674298613350532
person,6,0.0009674298613350532
umwelt,6,0.0009674298613350532
forschung,6,0.0009674298613350532
flächendeckend,6,0.0009674298613350532
gerade,6,0.0009674298613350532
weiterentwickeln,6,0.0009674298613350532
basis,6,0.0009674298613350532
anreiz,6,0.0009674298613350532
darüber,6,0.0009674298613350532
weit,6,0.0009674298613350532
beziehungsweise,6,0.0009674298613350532
sehen,6,0.0009674298613350532
gesundheit,6,0.0009674298613350532
fortschritt,6,0.0009674298613350532
umfassend,6,0.0009674298613350532
verbessern,6,0.0009674298613350532
bieten,6,0.0009674298613350532
fair,6,0.0009674298613350532
wandel,6,0.0009674298613350532
demographisch,6,0.0009674298613350532
ausbauen,6,0.0009674298613350532
öffnen,6,0.0009674298613350532
statt,6,0.0009674298613350532
mobilität,6,0.0009674298613350532
sicher,6,0.0009674298613350532
gleich,6,0.0009674298613350532
rolle,6,0.0009674298613350532
abschaffen,5,0.0008061915511125443
kommen,5,0.0008061915511125443
verfügung,5,0.0008061915511125443
intelligenz,5,0.0008061915511125443
betrieblich,5,0.0008061915511125443
investieren,5,0.0008061915511125443
sport,5,0.0008061915511125443
freiheit,5,0.0008061915511125443
beruf,5,0.0008061915511125443
bereich,5,0.0008061915511125443
jung,5,0.0008061915511125443
umsetzen,5,0.0008061915511125443
gleichzeitig,5,0.0008061915511125443
bereits,5,0.0008061915511125443
frühzeitig,5,0.0008061915511125443
bedarfsgerecht,5,0.0008061915511125443
sichern,5,0.0008061915511125443
kooperation,5,0.0008061915511125443
hochwertig,5,0.0008061915511125443
mittlerer,5,0.0008061915511125443
klimawandel,5,0.0008061915511125443
kraftstoff,5,0.0008061915511125443
verpflichten,5,0.0008061915511125443
rahmenbedingung,5,0.0008061915511125443
kulturell,5,0.0008061915511125443
zeigen,5,0.0008061915511125443
gesellschaftlich,5,0.0008061915511125443
qualitativ,5,0.0008061915511125443
diskriminierung,5,0.0008061915511125443
initiative,5,0.0008061915511125443
herkunft,5,0.0008061915511125443
teil,5,0.0008061915511125443
investition,5,0.0008061915511125443
erkenntnis,5,0.0008061915511125443
transparent,5,0.0008061915511125443
generation,5,0.0008061915511125443
lösung,5,0.0008061915511125443
bürgerin,5,0.0008061915511125443
gesetz,5,0.0008061915511125443
unbürokratisch,5,0.0008061915511125443
raum,5,0.0008061915511125443
politik,5,0.0008061915511125443
vielfalt,5,0.0008061915511125443
co2,5,0.0008061915511125443
einführung,5,0.0008061915511125443
dienst,5,0.0008061915511125443
abschaffung,5,0.0008061915511125443
sogenannter,5,0.0008061915511125443
erleichtern,5,0.0008061915511125443
ökologisch,5,0.0008061915511125443
bezahlbar,5,0.0008061915511125443
voranbringen,5,0.0008061915511125443
effizient,5,0.0008061915511125443
rente,5,0.0008061915511125443
modell,5,0.0008061915511125443
weltweit,5,0.0008061915511125443
helfen,5,0.0008061915511125443
garantieren,5,0.0008061915511125443
gehen,5,0.0008061915511125443
einfach,5,0.0008061915511125443
ort,5,0.0008061915511125443
genauso,5,0.0008061915511125443
wettbewerb,4,0.0006449532408900354
rechtlich,4,0.0006449532408900354
anwendung,4,0.0006449532408900354
energie,4,0.0006449532408900354
orientierung,4,0.0006449532408900354
standard,4,0.0006449532408900354
information,4,0.0006449532408900354
aktiv,4,0.0006449532408900354
akademisch,4,0.0006449532408900354
naturschutz,4,0.0006449532408900354
sicherstellen,4,0.0006449532408900354
steuerlich,4,0.0006449532408900354
persönlich,4,0.0006449532408900354
halten,4,0.0006449532408900354
klimaneutralität,4,0.0006449532408900354
geschlecht,4,0.0006449532408900354
konzept,4,0.0006449532408900354
spielen,4,0.0006449532408900354
region,4,0.0006449532408900354
transformation,4,0.0006449532408900354
erster,4,0.0006449532408900354
vernetzung,4,0.0006449532408900354
enorm,4,0.0006449532408900354
säule,4,0.0006449532408900354
ländlich,4,0.0006449532408900354
deutlich,4,0.0006449532408900354
fortbildung,4,0.0006449532408900354
bildungseinrichtung,4,0.0006449532408900354
konsequent,4,0.0006449532408900354
europaweit,4,0.0006449532408900354
alternativ,4,0.0006449532408900354
produkt,4,0.0006449532408900354
form,4,0.0006449532408900354
stelle,4,0.0006449532408900354
sinn,4,0.0006449532408900354
sodass,4,0.0006449532408900354
endlich,4,0.0006449532408900354
vorbild,4,0.0006449532408900354
anteil,4,0.0006449532408900354
zentral,4,0.0006449532408900354
möchten,4,0.0006449532408900354
ganz,4,0.0006449532408900354
zwei,4,0.0006449532408900354
zehn,4,0.0006449532408900354
berücksichtigen,4,0.0006449532408900354
entwickeln,4,0.0006449532408900354
klima,4,0.0006449532408900354
regelmäßig,4,0.0006449532408900354
euro,4,0.0006449532408900354
einsetzen,4,0.0006449532408900354
pariser,4,0.0006449532408900354
budget,4,0.0006449532408900354
aufklärung,4,0.0006449532408900354
lassen,4,0.0006449532408900354
doppelbesteuerung,4,0.0006449532408900354
profitieren,4,0.0006449532408900354
kosten,4,0.0006449532408900354
mann,4,0.0006449532408900354
zukünftig,4,0.0006449532408900354
schritt,4,0.0006449532408900354
drei,4,0.0006449532408900354
lang,4,0.0006449532408900354
krankenversicherung,4,0.0006449532408900354
artikel,4,0.0006449532408900354
management,4,0.0006449532408900354
frage,4,0.0006449532408900354
richtig,4,0.0006449532408900354
paar,4,0.0006449532408900354
politisch,4,0.0006449532408900354
aufstieg,4,0.0006449532408900354
grundlage,4,0.0006449532408900354
bundeshaushalt,4,0.0006449532408900354
identität,4,0.0006449532408900354
arbeit,4,0.0006449532408900354
liberale,4,0.0006449532408900354
treten,4,0.0006449532408900354
ausweiten,4,0.0006449532408900354
behandlung,4,0.0006449532408900354
gesundheitssystem,4,0.0006449532408900354
diskriminierend,4,0.0006449532408900354
jährlich,4,0.0006449532408900354
coronakrise,4,0.0006449532408900354
führen,4,0.0006449532408900354
solidaritätszuschlag,4,0.0006449532408900354
partnerschutz,4,0.0006449532408900354
verwaltung,4,0.0006449532408900354
antisemitismus,4,0.0006449532408900354
selbstständig,4,0.0006449532408900354
dual,4,0.0006449532408900354
steigen,3,0.0004837149306675266
denken,3,0.0004837149306675266
nation,3,0.0004837149306675266
ganzheitlich,3,0.0004837149306675266
ökosystem,3,0.0004837149306675266
2.0,3,0.0004837149306675266
benötigen,3,0.0004837149306675266
vermittlung,3,0.0004837149306675266
schifffahrt,3,0.0004837149306675266
monatlich,3,0.0004837149306675266
erfindergeist,3,0.0004837149306675266
unverheiratet,3,0.0004837149306675266
heben,3,0.0004837149306675266
verpflichtend,3,0.0004837149306675266
hafen,3,0.0004837149306675266
technik,3,0.0004837149306675266
fonds,3,0.0004837149306675266
verantwortungsvoll,3,0.0004837149306675266
flexibilisieren,3,0.0004837149306675266
angelegt,3,0.0004837149306675266
wirksam,3,0.0004837149306675266
schließlich,3,0.0004837149306675266
fahren,3,0.0004837149306675266
blick,3,0.0004837149306675266
gesamt,3,0.0004837149306675266
aufstiegschance,3,0.0004837149306675266
gesund,3,0.0004837149306675266
sozialversicherung,3,0.0004837149306675266
ausstattung,3,0.0004837149306675266
hart,3,0.0004837149306675266
aufbauen,3,0.0004837149306675266
global,3,0.0004837149306675266
impfstoff,3,0.0004837149306675266
atmosphäre,3,0.0004837149306675266
außerschulisch,3,0.0004837149306675266
geld,3,0.0004837149306675266
bestmöglich,3,0.0004837149306675266
ausgewogen,3,0.0004837149306675266
klar,3,0.0004837149306675266
arbeitsmarkt,3,0.0004837149306675266
mutterschutz,3,0.0004837149306675266
german,3,0.0004837149306675266
psychisch,3,0.0004837149306675266
technisch,3,0.0004837149306675266
zusammenarbeit,3,0.0004837149306675266
lehrerausbildung,3,0.0004837149306675266
weiterentwicklung,3,0.0004837149306675266
beratungsangebot,3,0.0004837149306675266
erasmus+,3,0.0004837149306675266
monat,3,0.0004837149306675266
studium,3,0.0004837149306675266
verfügbar,3,0.0004837149306675266
umgang,3,0.0004837149306675266
finden,3,0.0004837149306675266
gewässer,3,0.0004837149306675266
potentiell,3,0.0004837149306675266
landwirtschaft,3,0.0004837149306675266
finanzieren,3,0.0004837149306675266
ministerium,3,0.0004837149306675266
lehnen,3,0.0004837149306675266
kindeswohl,3,0.0004837149306675266
führungsposition,3,0.0004837149306675266
gering,3,0.0004837149306675266
teilhabe,3,0.0004837149306675266
verkehrsweg,3,0.0004837149306675266
versicherter,3,0.0004837149306675266
jeweilig,3,0.0004837149306675266
eng,3,0.0004837149306675266
erfolgen,3,0.0004837149306675266
kriterium,3,0.0004837149306675266
artenvielfalt,3,0.0004837149306675266
genau,3,0.0004837149306675266
lebendig,3,0.0004837149306675266
bestandteil,3,0.0004837149306675266
arbeitgeber,3,0.0004837149306675266
erst,3,0.0004837149306675266
angestrebt,3,0.0004837149306675266
modernisieren,3,0.0004837149306675266
trennung,3,0.0004837149306675266
ende,3,0.0004837149306675266
ambulant,3,0.0004837149306675266
wohnraum,3,0.0004837149306675266
lehrkraft,3,0.0004837149306675266
intelligent,3,0.0004837149306675266
künstlich,3,0.0004837149306675266
kreativität,3,0.0004837149306675266
umfassen,3,0.0004837149306675266
ausreichend,3,0.0004837149306675266
ausweitung,3,0.0004837149306675266
steuer,3,0.0004837149306675266
stärkung,3,0.0004837149306675266
emissionshandel,3,0.0004837149306675266
funktionierend,3,0.0004837149306675266
technologisch,3,0.0004837149306675266
zunehmend,3,0.0004837149306675266
idee,3,0.0004837149306675266
barrierefrei,3,0.0004837149306675266
unterschiedlich,3,0.0004837149306675266
system,3,0.0004837149306675266
kulturförderung,3,0.0004837149306675266
geschlechtlich,3,0.0004837149306675266
kreativwirtschaft,3,0.0004837149306675266
per,3,0.0004837149306675266
erwerben,3,0.0004837149306675266
arbeitswelt,3,0.0004837149306675266
wahlfreiheit,3,0.0004837149306675266
tragen,3,0.0004837149306675266
verfügen,3,0.0004837149306675266
trägerschaft,3,0.0004837149306675266
gefahr,3,0.0004837149306675266
projekt,3,0.0004837149306675266
bestehen,3,0.0004837149306675266
alt,3,0.0004837149306675266
aktionsplan,3,0.0004837149306675266
recht,3,0.0004837149306675266
eröffnen,3,0.0004837149306675266
freiwillig,3,0.0004837149306675266
treffen,3,0.0004837149306675266
lehrangebot,3,0.0004837149306675266
moore,3,0.0004837149306675266
unterricht,3,0.0004837149306675266
programm,3,0.0004837149306675266
altersgruppe,3,0.0004837149306675266
instrument,3,0.0004837149306675266
ergänzen,3,0.0004837149306675266
abkommen,3,0.0004837149306675266
internet,3,0.0004837149306675266
ökonomisch,3,0.0004837149306675266
grundsätzlich,3,0.0004837149306675266
selbstbestimmung,3,0.0004837149306675266
auszubildender,3,0.0004837149306675266
praxis,3,0.0004837149306675266
betrieb,3,0.0004837149306675266
krankenhaus,3,0.0004837149306675266
sicherheit,3,0.0004837149306675266
hilfe,3,0.0004837149306675266
stationär,3,0.0004837149306675266
aufgrund,3,0.0004837149306675266
sektor,3,0.0004837149306675266
pflegeversicherung,3,0.0004837149306675266
rahmen,3,0.0004837149306675266
voll,3,0.0004837149306675266
bildungsstandard,3,0.0004837149306675266
jedoch,3,0.0004837149306675266
anerkennen,3,0.0004837149306675266
gefördert,3,0.0004837149306675266
fit,3,0.0004837149306675266
betrag,3,0.0004837149306675266
vertrauen,3,0.0004837149306675266
lebenslang,3,0.0004837149306675266
grundsicherung,3,0.0004837149306675266
aufforstung,3,0.0004837149306675266
attraktiv,3,0.0004837149306675266
sockelbetrag,3,0.0004837149306675266
vorantreiben,3,0.0004837149306675266
arbeitslosengeld,3,0.0004837149306675266
einrichtung,3,0.0004837149306675266
reformieren,3,0.0004837149306675266
digitalisieren,3,0.0004837149306675266
zweiter,3,0.0004837149306675266
erweitern,3,0.0004837149306675266
zuschuss,3,0.0004837149306675266
niedrig,3,0.0004837149306675266
bürgergeld,3,0.0004837149306675266
regel,3,0.0004837149306675266
akteur,3,0.0004837149306675266
religion,3,0.0004837149306675266
maßnahme,3,0.0004837149306675266
carbon,3,0.0004837149306675266
wärme,3,0.0004837149306675266
solange,3,0.0004837149306675266
anrechnen,3,0.0004837149306675266
direkt,3,0.0004837149306675266
industrie,3,0.0004837149306675266
betreuung,3,0.0004837149306675266
einheitlich,3,0.0004837149306675266
gleichwertig,3,0.0004837149306675266
wert,3,0.0004837149306675266
vermeiden,3,0.0004837149306675266
festschreiben,3,0.0004837149306675266
hochschullehr,2,0.0003224766204450177
offen,2,0.0003224766204450177
arbeitsplatz,2,0.0003224766204450177
smart,2,0.0003224766204450177
partnerschaftsbonus,2,0.0003224766204450177
inhalt,2,0.0003224766204450177
pflegebedürftigkeit,2,0.0003224766204450177
kinderchancengeld,2,0.0003224766204450177
breit,2,0.0003224766204450177
vorsorge,2,0.0003224766204450177
freibetrag,2,0.0003224766204450177
leider,2,0.0003224766204450177
studienplatz,2,0.0003224766204450177
alleinerziehend,2,0.0003224766204450177
öffnung,2,0.0003224766204450177
situation,2,0.0003224766204450177
diversität,2,0.0003224766204450177
elterngeld,2,0.0003224766204450177
rücken,2,0.0003224766204450177
fünf,2,0.0003224766204450177
offenstehen,2,0.0003224766204450177
ausbildungsangebote,2,0.0003224766204450177
wahl,2,0.0003224766204450177
spezialisiert,2,0.0003224766204450177
analog,2,0.0003224766204450177
durchlässigkeit,2,0.0003224766204450177
lsbti,2,0.0003224766204450177
lehre,2,0.0003224766204450177
lage,2,0.0003224766204450177
geographisch,2,0.0003224766204450177
überwinden,2,0.0003224766204450177
beenden,2,0.0003224766204450177
anspruch,2,0.0003224766204450177
online-register,2,0.0003224766204450177
gleichberechtigt,2,0.0003224766204450177
kurzzeitpflegeplatz,2,0.0003224766204450177
übernehmen,2,0.0003224766204450177
klimafreundlich,2,0.0003224766204450177
strom,2,0.0003224766204450177
maßgeblich,2,0.0003224766204450177
pflegend,2,0.0003224766204450177
freiheitlich,2,0.0003224766204450177
vorrangig,2,0.0003224766204450177
risiko,2,0.0003224766204450177
akzeptanz,2,0.0003224766204450177
zugänglich,2,0.0003224766204450177
studierend,2,0.0003224766204450177
verheiratet,2,0.0003224766204450177
unterbringung,2,0.0003224766204450177
lsbti-recht,2,0.0003224766204450177
anheben,2,0.0003224766204450177
dauerhaft,2,0.0003224766204450177
anstrengung,2,0.0003224766204450177
einfluss,2,0.0003224766204450177
methan,2,0.0003224766204450177
mindestens,2,0.0003224766204450177
pflegerisch,2,0.0003224766204450177
festhalten,2,0.0003224766204450177
leistungsgerecht,2,0.0003224766204450177
flexibilität,2,0.0003224766204450177
vereint,2,0.0003224766204450177
pflegebudget,2,0.0003224766204450177
praxisnah,2,0.0003224766204450177
schulformen,2,0.0003224766204450177
engagement,2,0.0003224766204450177
hand,2,0.0003224766204450177
ehrenamtlich,2,0.0003224766204450177
vielmehr,2,0.0003224766204450177
200,2,0.0003224766204450177
unkompliziert,2,0.0003224766204450177
häuslich,2,0.0003224766204450177
beitragen,2,0.0003224766204450177
schiene,2,0.0003224766204450177
vereinfachen,2,0.0003224766204450177
2025,2,0.0003224766204450177
robotisch,2,0.0003224766204450177
positiv,2,0.0003224766204450177
klimadividende,2,0.0003224766204450177
ausschließen,2,0.0003224766204450177
bedürfnis,2,0.0003224766204450177
arbeitsalltag,2,0.0003224766204450177
homo,2,0.0003224766204450177
regelung,2,0.0003224766204450177
gesundheitsakteur,2,0.0003224766204450177
versorgungssicherheit,2,0.0003224766204450177
bekämpfen,2,0.0003224766204450177
prägen,2,0.0003224766204450177
jederzeit,2,0.0003224766204450177
anpassung,2,0.0003224766204450177
arzneimittel,2,0.0003224766204450177
grundgesetz,2,0.0003224766204450177
bürokratie,2,0.0003224766204450177
art,2,0.0003224766204450177
vermitteln,2,0.0003224766204450177
meer,2,0.0003224766204450177
entschieden,2,0.0003224766204450177
erwachsene,2,0.0003224766204450177
optimal,2,0.0003224766204450177
million,2,0.0003224766204450177
krankheit,2,0.0003224766204450177
wesentlich,2,0.0003224766204450177
strategie,2,0.0003224766204450177
weniger,2,0.0003224766204450177
digitaler,2,0.0003224766204450177
besonderer,2,0.0003224766204450177
öpnv,2,0.0003224766204450177
auflage,2,0.0003224766204450177
biodiversität,2,0.0003224766204450177
versorgungsstruktur,2,0.0003224766204450177
aufbau,2,0.0003224766204450177
lebensjahr,2,0.0003224766204450177
standardmäßig,2,0.0003224766204450177
eigentum,2,0.0003224766204450177
beschäftigter,2,0.0003224766204450177
ausgestaltung,2,0.0003224766204450177
absichern,2,0.0003224766204450177
wirtschaftszweig,2,0.0003224766204450177
verantwortung,2,0.0003224766204450177
rechenzentr,2,0.0003224766204450177
geburt,2,0.0003224766204450177
ethnisch,2,0.0003224766204450177
satz,2,0.0003224766204450177
transparenz,2,0.0003224766204450177
funktion,2,0.0003224766204450177
rechtsanspruch,2,0.0003224766204450177
position,2,0.0003224766204450177
absetzbarkeit,2,0.0003224766204450177
diversity,2,0.0003224766204450177
umwandeln,2,0.0003224766204450177
eu-ets,2,0.0003224766204450177
virtuell,2,0.0003224766204450177
zeitnah,2,0.0003224766204450177
zuverlässig,2,0.0003224766204450177
kosteneffizient,2,0.0003224766204450177
forstwirtschaft,2,0.0003224766204450177
anpassen,2,0.0003224766204450177
wechsel,2,0.0003224766204450177
2050,2,0.0003224766204450177
bekennen,2,0.0003224766204450177
abbauen,2,0.0003224766204450177
ungleichbehandlung,2,0.0003224766204450177
bilden,2,0.0003224766204450177
arbeitsvermittlung,2,0.0003224766204450177
ausdrücklich,2,0.0003224766204450177
sinnvoll,2,0.0003224766204450177
bergen,2,0.0003224766204450177
gewalt,2,0.0003224766204450177
sauerstoff,2,0.0003224766204450177
medizin,2,0.0003224766204450177
einsparen,2,0.0003224766204450177
regulierung,2,0.0003224766204450177
reduzieren,2,0.0003224766204450177
natur,2,0.0003224766204450177
vernetzt,2,0.0003224766204450177
rassismus,2,0.0003224766204450177
überführen,2,0.0003224766204450177
angewiesen,2,0.0003224766204450177
verkehrspolitik,2,0.0003224766204450177
technologieoffen,2,0.0003224766204450177
sauber,2,0.0003224766204450177
co2-emissionshandel,2,0.0003224766204450177
verstärken,2,0.0003224766204450177
gegenüber,2,0.0003224766204450177
zulassung,2,0.0003224766204450177
psychotherapeutinne,2,0.0003224766204450177
psychotherapeut,2,0.0003224766204450177
justiz,2,0.0003224766204450177
mehrere,2,0.0003224766204450177
vorsehen,2,0.0003224766204450177
gründung,2,0.0003224766204450177
dtg,2,0.0003224766204450177
zivilgesellschaft,2,0.0003224766204450177
ebene,2,0.0003224766204450177
bislang,2,0.0003224766204450177
messen,2,0.0003224766204450177
bewertung,2,0.0003224766204450177
lebensqualität,2,0.0003224766204450177
bestimmt,2,0.0003224766204450177
großelter,2,0.0003224766204450177
austausch,2,0.0003224766204450177
enkelkinder,2,0.0003224766204450177
ressource,2,0.0003224766204450177
günstig,2,0.0003224766204450177
umweltfreundlich,2,0.0003224766204450177
luftqualität,2,0.0003224766204450177
entscheidend,2,0.0003224766204450177
wer,2,0.0003224766204450177
cdr,2,0.0003224766204450177
verkehrsträger,2,0.0003224766204450177
menschenfeindlichkeit,2,0.0003224766204450177
binnen,2,0.0003224766204450177
energieversorgung,2,0.0003224766204450177
insgesamt,2,0.0003224766204450177
gruppenbezogen,2,0.0003224766204450177
branche,2,0.0003224766204450177
minimieren,2,0.0003224766204450177
verordnung,2,0.0003224766204450177
meeresflora,2,0.0003224766204450177
ingenieurinn,2,0.0003224766204450177
ingenieur,2,0.0003224766204450177
zukunftsfest,2,0.0003224766204450177
maritim,2,0.0003224766204450177
weiterhin,2,0.0003224766204450177
zügig,2,0.0003224766204450177
regional,2,0.0003224766204450177
patientin,2,0.0003224766204450177
befreien,2,0.0003224766204450177
bekommen,2,0.0003224766204450177
radweg,2,0.0003224766204450177
liberal,2,0.0003224766204450177
negativemissionstechnologie,2,0.0003224766204450177
streben,2,0.0003224766204450177
feminismus,2,0.0003224766204450177
priorität,2,0.0003224766204450177
begegnen,2,0.0003224766204450177
individuum,2,0.0003224766204450177
tonne,2,0.0003224766204450177
fachkräftemangel,2,0.0003224766204450177
nötig,2,0.0003224766204450177
dachorganisation,2,0.0003224766204450177
hinzuverdienstregel,2,0.0003224766204450177
online,2,0.0003224766204450177
lehrer,2,0.0003224766204450177
lehrerin,2,0.0003224766204450177
teilnahme,2,0.0003224766204450177
schaffung,2,0.0003224766204450177
wagniskapital,2,0.0003224766204450177
motor,2,0.0003224766204450177
fungieren,2,0.0003224766204450177
pädagogisch,2,0.0003224766204450177
tatsächlich,2,0.0003224766204450177
abhängen,2,0.0003224766204450177
kapitalgedeckt,2,0.0003224766204450177
sozialabgabe,2,0.0003224766204450177
miteinander,2,0.0003224766204450177
informatik,2,0.0003224766204450177
mint-bildung,2,0.0003224766204450177
abgabenquot,2,0.0003224766204450177
spielraum,2,0.0003224766204450177
ausbilden,2,0.0003224766204450177
arbeitnehmer,2,0.0003224766204450177
theorie,2,0.0003224766204450177
digitalpakt,2,0.0003224766204450177
sozialwohnung,2,0.0003224766204450177
bau,2,0.0003224766204450177
betreffen,2,0.0003224766204450177
ausschöpfen,2,0.0003224766204450177
gemeinwesen,2,0.0003224766204450177
erfolgreich,2,0.0003224766204450177
bauen,2,0.0003224766204450177
tierwohl,2,0.0003224766204450177
künstliche,2,0.0003224766204450177
analytics,2,0.0003224766204450177
learning,2,0.0003224766204450177
außerdem,2,0.0003224766204450177
erhalt,2,0.0003224766204450177
wohngeld,2,0.0003224766204450177
hierfür,2,0.0003224766204450177
business,2,0.0003224766204450177
qualität,2,0.0003224766204450177
allein,2,0.0003224766204450177
weiblich,2,0.0003224766204450177
frühkindlich,2,0.0003224766204450177
mittel,2,0.0003224766204450177
aktuell,2,0.0003224766204450177
zusammenführen,2,0.0003224766204450177
informieren,2,0.0003224766204450177
arbeiten,2,0.0003224766204450177
bildungsbereich,2,0.0003224766204450177
dauer,2,0.0003224766204450177
wohnen,2,0.0003224766204450177
binden,2,0.0003224766204450177
elternhäuser,2,0.0003224766204450177
bundesregierung,2,0.0003224766204450177
sozialausgabe,2,0.0003224766204450177
höhe,2,0.0003224766204450177
erhebung,2,0.0003224766204450177
rentenversicherung,2,0.0003224766204450177
einheit,2,0.0003224766204450177
plus,2,0.0003224766204450177
verspielen,2,0.0003224766204450177
umgehen,2,0.0003224766204450177
pauschal,2,0.0003224766204450177
perspektive,2,0.0003224766204450177
wissenschaftler,2,0.0003224766204450177
selbstständige,2,0.0003224766204450177
besteuerung,2,0.0003224766204450177
doppelt,2,0.0003224766204450177
aktienrent,2,0.0003224766204450177
beitragszahlerinn,2,0.0003224766204450177
fairness,2,0.0003224766204450177
beitragszahler,2,0.0003224766204450177
organisation,2,0.0003224766204450177
haus,2,0.0003224766204450177
hintergrund,2,0.0003224766204450177
berufsausbildung,2,0.0003224766204450177
bereitstellung,2,0.0003224766204450177
makerspaces,2,0.0003224766204450177
verstärkt,2,0.0003224766204450177
1.000,2,0.0003224766204450177
makerspace,2,0.0003224766204450177
leistungsgerechter,2,0.0003224766204450177
einrichten,2,0.0003224766204450177
sicht,2,0.0003224766204450177
kernaufgabe,2,0.0003224766204450177
bewerbung,2,0.0003224766204450177
betroffener,2,0.0003224766204450177
folge,2,0.0003224766204450177
basis-rente,2,0.0003224766204450177
studienfinanzierung,2,0.0003224766204450177
heute,2,0.0003224766204450177
obwohl,2,0.0003224766204450177
talentschul,2,0.0003224766204450177
netzwerk,2,0.0003224766204450177
etwa,2,0.0003224766204450177
einbeziehung,2,0.0003224766204450177
eigenverantwortlich,2,0.0003224766204450177
bringen,2,0.0003224766204450177
kitas,2,0.0003224766204450177
bildungsgutschein,2,0.0003224766204450177
erworben,2,0.0003224766204450177
verbindung,2,0.0003224766204450177
kraft,2,0.0003224766204450177
altersgrenz,2,0.0003224766204450177
stecken,2,0.0003224766204450177
einsehbar,2,0.0003224766204450177
vielfältig,2,0.0003224766204450177
gewähren,2,0.0003224766204450177
modular,2,0.0003224766204450177
rentenanpassungsformel,2,0.0003224766204450177
forscher,2,0.0003224766204450177
nachholfaktor,2,0.0003224766204450177
sozialsystem,2,0.0003224766204450177
jenseits,2,0.0003224766204450177
kommune,2,0.0003224766204450177
erarbeiten,2,0.0003224766204450177
hürde,2,0.0003224766204450177
anerkennung,2,0.0003224766204450177
fest,2,0.0003224766204450177
lehren,2,0.0003224766204450177
alg,2,0.0003224766204450177
einladen,2,0.0003224766204450177
dringend,2,0.0003224766204450177
beschränken,2,0.0003224766204450177
entscheiden,2,0.0003224766204450177
welt,2,0.0003224766204450177
pflichtprogramm,2,0.0003224766204450177
effektiv,2,0.0003224766204450177
grund,2,0.0003224766204450177
exzellent,2,0.0003224766204450177
bundesrepublik,1,0.00016123831022250886
gemeinnützigkeit,1,0.00016123831022250886
emissionshandelssystem,1,0.00016123831022250886
co2-limit,1,0.00016123831022250886
ausrichtung,1,0.00016123831022250886
bekannt,1,0.00016123831022250886
inklusion,1,0.00016123831022250886
sport-großveranstaltung,1,0.00016123831022250886
e-sport,1,0.00016123831022250886
geltend,1,0.00016123831022250886
e-sports-vereinen,1,0.00016123831022250886
sportlich,1,0.00016123831022250886
grad,1,0.00016123831022250886
integration,1,0.00016123831022250886
gam,1,0.00016123831022250886
innovationswirkung,1,0.00016123831022250886
erwerbsminderungsrente,1,0.00016123831022250886
celsius,1,0.00016123831022250886
begrenzen,1,0.00016123831022250886
minijob,1,0.00016123831022250886
beziehen,1,0.00016123831022250886
strikt,1,0.00016123831022250886
gesundheitlich,1,0.00016123831022250886
herausführen,1,0.00016123831022250886
sachstandsbericht,1,0.00016123831022250886
rentensplitting,1,0.00016123831022250886
betätigung,1,0.00016123831022250886
sinkend,1,0.00016123831022250886
hartz,1,0.00016123831022250886
altersklasse,1,0.00016123831022250886
intergovernmental,1,0.00016123831022250886
weltklimarat,1,0.00016123831022250886
befristet,1,0.00016123831022250886
antidiskriminierung,1,0.00016123831022250886
gewaltfreiheit,1,0.00016123831022250886
respekt,1,0.00016123831022250886
fairplay,1,0.00016123831022250886
besser,1,0.00016123831022250886
verständlich,1,0.00016123831022250886
hinweisen,1,0.00016123831022250886
rentenpunkt,1,0.00016123831022250886
städtisch,1,0.00016123831022250886
senkungspfad,1,0.00016123831022250886
zielerreichung,1,0.00016123831022250886
frauenarzt,1,0.00016123831022250886
frauenärztin,1,0.00016123831022250886
dorthin,1,0.00016123831022250886
überlassen,1,0.00016123831022250886
besuch,1,0.00016123831022250886
zeitraum,1,0.00016123831022250886
technikerinn,1,0.00016123831022250886
splitten,1,0.00016123831022250886
hilfsangebot,1,0.00016123831022250886
selbstverständlichen,1,0.00016123831022250886
anerkannt,1,0.00016123831022250886
integrationsbereitschaft,1,0.00016123831022250886
zielführend,1,0.00016123831022250886
ethik-kommission,1,0.00016123831022250886
gegründet,1,0.00016123831022250886
effekt,1,0.00016123831022250886
dosb,1,0.00016123831022250886
sportbund,1,0.00016123831022250886
leiter,1,0.00016123831022250886
renteninformation,1,0.00016123831022250886
panel,1,0.00016123831022250886
olympisch,1,0.00016123831022250886
climate,1,0.00016123831022250886
leitlinie,1,0.00016123831022250886
change,1,0.00016123831022250886
erwarten,1,0.00016123831022250886
beteiligter,1,0.00016123831022250886
sportleben,1,0.00016123831022250886
trittfe,1,0.00016123831022250886
evaluieren,1,0.00016123831022250886
zug,1,0.00016123831022250886
verhalten,1,0.00016123831022250886
anstreben,1,0.00016123831022250886
organisiert,1,0.00016123831022250886
finanzierbar,1,0.00016123831022250886
kulturleben,1,0.00016123831022250886
auswärtig,1,0.00016123831022250886
geistig,1,0.00016123831022250886
goethe-institut,1,0.00016123831022250886
davor,1,0.00016123831022250886
mittlerorganisatione,1,0.00016123831022250886
aushängeschild,1,0.00016123831022250886
kulturpolitik,1,0.00016123831022250886
beruhen,1,0.00016123831022250886
erwerbstätigkeit,1,0.00016123831022250886
ankaufsfonds,1,0.00016123831022250886
institut,1,0.00016123831022250886
zeitalter,1,0.00016123831022250886
kleinstbetrag,1,0.00016123831022250886
kunstwerk,1,0.00016123831022250886
ankauf,1,0.00016123831022250886
grundvoraussetzung,1,0.00016123831022250886
ideologie,1,0.00016123831022250886
packen,1,0.00016123831022250886
anzeige,1,0.00016123831022250886
bagatellgrenze,1,0.00016123831022250886
kunstfreiheit,1,0.00016123831022250886
gedenkstättenkonzept,1,0.00016123831022250886
beziehungsstatus,1,0.00016123831022250886
hinken,1,0.00016123831022250886
abseits,1,0.00016123831022250886
hinterher,1,0.00016123831022250886
erarbeitet,1,0.00016123831022250886
auflösen,1,0.00016123831022250886
erwachsen,1,0.00016123831022250886
leistungsbezieherinner,1,0.00016123831022250886
leistungsbezieher,1,0.00016123831022250886
vernetzen,1,0.00016123831022250886
auslandsbeziehung,1,0.00016123831022250886
rückforderung,1,0.00016123831022250886
bewahren,1,0.00016123831022250886
bremsen,1,0.00016123831022250886
eu-weit,1,0.00016123831022250886
engagierend,1,0.00016123831022250886
verhältnis,1,0.00016123831022250886
denkmalschutz,1,0.00016123831022250886
jobcenter,1,0.00016123831022250886
initiieren,1,0.00016123831022250886
kulturorganisationen,1,0.00016123831022250886
"1,5",1,0.00016123831022250886
subvention,1,0.00016123831022250886
online-format,1,0.00016123831022250886
kulturnation,1,0.00016123831022250886
haften,1,0.00016123831022250886
vermarktung,1,0.00016123831022250886
selbsttragend,1,0.00016123831022250886
oft,1,0.00016123831022250886
originelle,1,0.00016123831022250886
kunst,1,0.00016123831022250886
erhöhung,1,0.00016123831022250886
kreativbranch,1,0.00016123831022250886
altersvorsorgesystem,1,0.00016123831022250886
urheberrecht,1,0.00016123831022250886
schnellstmöglich,1,0.00016123831022250886
forderung,1,0.00016123831022250886
weise,1,0.00016123831022250886
enkelfit,1,0.00016123831022250886
gar,1,0.00016123831022250886
erderwärmung,1,0.00016123831022250886
livestream,1,0.00016123831022250886
eu-emissionshandel,1,0.00016123831022250886
klug,1,0.00016123831022250886
umweltproblem,1,0.00016123831022250886
verspätet,1,0.00016123831022250886
bürgernäh,1,0.00016123831022250886
ersparen,1,0.00016123831022250886
kulturraum,1,0.00016123831022250886
zeichen,1,0.00016123831022250886
teilweise,1,0.00016123831022250886
komplex,1,0.00016123831022250886
20b,1,0.00016123831022250886
entwürdigend,1,0.00016123831022250886
verschulden,1,0.00016123831022250886
überprüfung,1,0.00016123831022250886
wohn,1,0.00016123831022250886
familienverhältnisse,1,0.00016123831022250886
aufnahme,1,0.00016123831022250886
staatsziel,1,0.00016123831022250886
rundfunklizenzpflicht,1,0.00016123831022250886
zwingend,1,0.00016123831022250886
online-livestream,1,0.00016123831022250886
frauenhausplätz,1,0.00016123831022250886
artenreich,1,0.00016123831022250886
hirschfeld,1,0.00016123831022250886
trauschein,1,0.00016123831022250886
schuldenbremse,1,0.00016123831022250886
transsexuellengesetz,1,0.00016123831022250886
durchführen,1,0.00016123831022250886
versicherungsfremd,1,0.00016123831022250886
umlagefinanzierung,1,0.00016123831022250886
kürzung,1,0.00016123831022250886
korrekt,1,0.00016123831022250886
konfliktberatung,1,0.00016123831022250886
beratungsnetzwerk,1,0.00016123831022250886
objektiv,1,0.00016123831022250886
eingriff,1,0.00016123831022250886
arzt,1,0.00016123831022250886
ärztinnen,1,0.00016123831022250886
seriös,1,0.00016123831022250886
zuordnung,1,0.00016123831022250886
schwierig,1,0.00016123831022250886
anonym,1,0.00016123831022250886
adoptionsverfahren,1,0.00016123831022250886
gegenzug,1,0.00016123831022250886
vermeidung,1,0.00016123831022250886
gleichstellen,1,0.00016123831022250886
adoptionsrecht,1,0.00016123831022250886
erstatten,1,0.00016123831022250886
faktor,1,0.00016123831022250886
adoption,1,0.00016123831022250886
selbstbestimmungsgesetz,1,0.00016123831022250886
ersetzen,1,0.00016123831022250886
änderung,1,0.00016123831022250886
berechtigen,1,0.00016123831022250886
entgegenstehen,1,0.00016123831022250886
ausüben,1,0.00016123831022250886
gemeinschaftlich,1,0.00016123831022250886
unterhaltsverantwortung,1,0.00016123831022250886
erziehung,1,0.00016123831022250886
verbraucherfreundlich,1,0.00016123831022250886
generationenbilanzierung,1,0.00016123831022250886
folgend,1,0.00016123831022250886
erziehen,1,0.00016123831022250886
substantiell,1,0.00016123831022250886
unterhalt,1,0.00016123831022250886
beide,1,0.00016123831022250886
geschlechtseintrag,1,0.00016123831022250886
minderjährig,1,0.00016123831022250886
leitbild,1,0.00016123831022250886
wechselmodell,1,0.00016123831022250886
geschlechtsangleichend,1,0.00016123831022250886
entstehend,1,0.00016123831022250886
offenbarungsverbot,1,0.00016123831022250886
erweitert,1,0.00016123831022250886
last,1,0.00016123831022250886
selbstauskunft,1,0.00016123831022250886
genübergestellen,1,0.00016123831022250886
personenstand,1,0.00016123831022250886
alleinstehend,1,0.00016123831022250886
ausgleich,1,0.00016123831022250886
unberührt,1,0.00016123831022250886
indikation,1,0.00016123831022250886
satzung,1,0.00016123831022250886
verdient,1,0.00016123831022250886
pflegekinder,1,0.00016123831022250886
heim,1,0.00016123831022250886
jugendpflegeeinrichtunge,1,0.00016123831022250886
studienberatung,1,0.00016123831022250886
wirken,1,0.00016123831022250886
beschränkend,1,0.00016123831022250886
dienstleistung,1,0.00016123831022250886
haushaltsnah,1,0.00016123831022250886
unterhaltsleistung,1,0.00016123831022250886
betreuungskost,1,0.00016123831022250886
charakter,1,0.00016123831022250886
auszubildendenfreibetrag,1,0.00016123831022250886
entlasten,1,0.00016123831022250886
überprüfen,1,0.00016123831022250886
aufhebung,1,0.00016123831022250886
sach,1,0.00016123831022250886
elternteile,1,0.00016123831022250886
familienarbeit,1,0.00016123831022250886
aufteilung,1,0.00016123831022250886
inflationsausgleich,1,0.00016123831022250886
maximalbetrag,1,0.00016123831022250886
mindest,1,0.00016123831022250886
alleinerziehender,1,0.00016123831022250886
behalten,1,0.00016123831022250886
idealerweise,1,0.00016123831022250886
barrierearm,1,0.00016123831022250886
alte,1,0.00016123831022250886
vorlage,1,0.00016123831022250886
kinderwunschbehandlung,1,0.00016123831022250886
reaktivieren,1,0.00016123831022250886
lohn,1,0.00016123831022250886
ruhestand,1,0.00016123831022250886
weiterbilden,1,0.00016123831022250886
familienstand,1,0.00016123831022250886
reproduktionsmedizin,1,0.00016123831022250886
hochschulreife,1,0.00016123831022250886
einschließlich,1,0.00016123831022250886
ältere,1,0.00016123831022250886
schulabschlüss,1,0.00016123831022250886
heranziehen,1,0.00016123831022250886
erlangung,1,0.00016123831022250886
befinden,1,0.00016123831022250886
seniorenwohnheimen,1,0.00016123831022250886
intuitiv,1,0.00016123831022250886
18.,1,0.00016123831022250886
bedienbarkeit,1,0.00016123831022250886
internetnutzende,1,0.00016123831022250886
pflegefamili,1,0.00016123831022250886
jugendheim,1,0.00016123831022250886
gleichermaßen,1,0.00016123831022250886
verlängerung,1,0.00016123831022250886
pepp,1,0.00016123831022250886
wohn-riester,1,0.00016123831022250886
magnus,1,0.00016123831022250886
moralisch,1,0.00016123831022250886
alliance,1,0.00016123831022250886
remembrance,1,0.00016123831022250886
chancenorientiert,1,0.00016123831022250886
anlegen,1,0.00016123831022250886
holocaust,1,0.00016123831022250886
definition,1,0.00016123831022250886
vorbeugen,1,0.00016123831022250886
hass,1,0.00016123831022250886
verwalten,1,0.00016123831022250886
eben,1,0.00016123831022250886
vorurteil,1,0.00016123831022250886
antisemitisch,1,0.00016123831022250886
entlarven,1,0.00016123831022250886
alltags-antisemitismus,1,0.00016123831022250886
lernmaterialie,1,0.00016123831022250886
irgendeiner,1,0.00016123831022250886
toleranz,1,0.00016123831022250886
geringverdiener,1,0.00016123831022250886
integral,1,0.00016123831022250886
altersrent,1,0.00016123831022250886
jüdisches,1,0.00016123831022250886
vorgehen,1,0.00016123831022250886
beantragung,1,0.00016123831022250886
entgegen,1,0.00016123831022250886
auszahlung,1,0.00016123831022250886
orientierungspunkt,1,0.00016123831022250886
erweiterung,1,0.00016123831022250886
bruttoeinkommen,1,0.00016123831022250886
risikoverhalten,1,0.00016123831022250886
bundesstiftung,1,0.00016123831022250886
verpartnert,1,0.00016123831022250886
schlagen,1,0.00016123831022250886
rentensystem,1,0.00016123831022250886
pfeiler,1,0.00016123831022250886
schulisch,1,0.00016123831022250886
selbsthilfeangebot,1,0.00016123831022250886
transfeindlichkeit,1,0.00016123831022250886
demographiefestigkeit,1,0.00016123831022250886
rentenniveau,1,0.00016123831022250886
steigern,1,0.00016123831022250886
bisher,1,0.00016123831022250886
techniker,1,0.00016123831022250886
aufwenden,1,0.00016123831022250886
üblich,1,0.00016123831022250886
eignung,1,0.00016123831022250886
bisexuell,1,0.00016123831022250886
aufteilen,1,0.00016123831022250886
blutspende-verbot,1,0.00016123831022250886
arbeitgeberbeitrag,1,0.00016123831022250886
umlagefinanziert,1,0.00016123831022250886
konversionstherapium,1,0.00016123831022250886
verbot,1,0.00016123831022250886
fließen,1,0.00016123831022250886
überlegenheit,1,0.00016123831022250886
dach,1,0.00016123831022250886
riester-verträg,1,0.00016123831022250886
niemals,1,0.00016123831022250886
ansicht,1,0.00016123831022250886
riester-rente,1,0.00016123831022250886
aussehe,1,0.00016123831022250886
zulagen-förderung,1,0.00016123831022250886
generationengerechtigkeit,1,0.00016123831022250886
gelebt,1,0.00016123831022250886
wahlrecht,1,0.00016123831022250886
ausgewogenheit,1,0.00016123831022250886
mediensystem,1,0.00016123831022250886
duales,1,0.00016123831022250886
sensibilität,1,0.00016123831022250886
dennoch,1,0.00016123831022250886
rürup-rente,1,0.00016123831022250886
extremismus,1,0.00016123831022250886
amerikanisch,1,0.00016123831022250886
radikalisierung,1,0.00016123831022250886
verhandlung,1,0.00016123831022250886
401,1,0.00016123831022250886
rendite-chance,1,0.00016123831022250886
beteiligen,1,0.00016123831022250886
daran,1,0.00016123831022250886
kryptowährung,1,0.00016123831022250886
rendite,1,0.00016123831022250886
begrüßen,1,0.00016123831022250886
anlagevorschrift,1,0.00016123831022250886
äußern,1,0.00016123831022250886
minderheit,1,0.00016123831022250886
zusammenleben,1,0.00016123831022250886
doppelverbeitragung,1,0.00016123831022250886
gang,1,0.00016123831022250886
drohung,1,0.00016123831022250886
herabwürdigung,1,0.00016123831022250886
sozialamt,1,0.00016123831022250886
gruppe,1,0.00016123831022250886
überhöhung,1,0.00016123831022250886
entfallen,1,0.00016123831022250886
altersarmut,1,0.00016123831022250886
biologisch,1,0.00016123831022250886
gewählt,1,0.00016123831022250886
rollenzuschreibung,1,0.00016123831022250886
kranken,1,0.00016123831022250886
unverzichtbar,1,0.00016123831022250886
entfaltungsraum,1,0.00016123831022250886
untergraben,1,0.00016123831022250886
rechtsgleichheit,1,0.00016123831022250886
verlässlichkeit,1,0.00016123831022250886
altersvorsorge-depot,1,0.00016123831022250886
obligatorisch,1,0.00016123831022250886
versicherungsmantel,1,0.00016123831022250886
vereinen,1,0.00016123831022250886
homophobie,1,0.00016123831022250886
gute,1,0.00016123831022250886
fremdenhass,1,0.00016123831022250886
abs.,1,0.00016123831022250886
dienen,1,0.00016123831022250886
wissenschaftlerin,1,0.00016123831022250886
angeln,1,0.00016123831022250886
krise,1,0.00016123831022250886
fremdsprachlich,1,0.00016123831022250886
naturverbundenheit,1,0.00016123831022250886
regionalisierung,1,0.00016123831022250886
verein,1,0.00016123831022250886
welle,1,0.00016123831022250886
mitglied,1,0.00016123831022250886
gestalt,1,0.00016123831022250886
umweltschützer,1,0.00016123831022250886
auslandsrundfunk,1,0.00016123831022250886
ferner,1,0.00016123831022250886
flora,1,0.00016123831022250886
bewerten,1,0.00016123831022250886
verstehen,1,0.00016123831022250886
zusammenhang,1,0.00016123831022250886
bewegen,1,0.00016123831022250886
jeglicher,1,0.00016123831022250886
medienkompetenz,1,0.00016123831022250886
fauna,1,0.00016123831022250886
lernkonzept,1,0.00016123831022250886
forschungsergebnis,1,0.00016123831022250886
neuest,1,0.00016123831022250886
entsenden,1,0.00016123831022250886
high-tech-industrie,1,0.00016123831022250886
ballungszentrum,1,0.00016123831022250886
konfliktbewältigung,1,0.00016123831022250886
fangquote,1,0.00016123831022250886
kümmern,1,0.00016123831022250886
positionierung,1,0.00016123831022250886
dialog,1,0.00016123831022250886
überholt,1,0.00016123831022250886
entwicklungszusammenarbeit,1,0.00016123831022250886
anbindehaltung,1,0.00016123831022250886
schrittweise,1,0.00016123831022250886
ernährungsbildung,1,0.00016123831022250886
kindertagesstätte,1,0.00016123831022250886
strafverschärfung,1,0.00016123831022250886
eintreten,1,0.00016123831022250886
umweltverträglichkeit,1,0.00016123831022250886
gerechtigkeit,1,0.00016123831022250886
grundschleppnetz-fischerei,1,0.00016123831022250886
eu-partner,1,0.00016123831022250886
ambitioniert,1,0.00016123831022250886
fangtechnike,1,0.00016123831022250886
artenspezifisch,1,0.00016123831022250886
1325,1,0.00016123831022250886
resolution,1,0.00016123831022250886
vergrößerung,1,0.00016123831022250886
maschenweit,1,0.00016123831022250886
frieden,1,0.00016123831022250886
uno,1,0.00016123831022250886
fangnetzen,1,0.00016123831022250886
schlüssel,1,0.00016123831022250886
beifang,1,0.00016123831022250886
bundesministerium,1,0.00016123831022250886
zuständig,1,0.00016123831022250886
jagd,1,0.00016123831022250886
entschlossen,1,0.00016123831022250886
abhilfe,1,0.00016123831022250886
naturschutzziele,1,0.00016123831022250886
unschädlich,1,0.00016123831022250886
schadstoff,1,0.00016123831022250886
partner,1,0.00016123831022250886
dar,1,0.00016123831022250886
wildbretgewinnung,1,0.00016123831022250886
erde,1,0.00016123831022250886
lebensraum,1,0.00016123831022250886
piraterie,1,0.00016123831022250886
altöl,1,0.00016123831022250886
kampfstoff,1,0.00016123831022250886
seuchenprävention,1,0.00016123831022250886
wildschadenminimierung,1,0.00016123831022250886
munitionsaltlast,1,0.00016123831022250886
chemikalie,1,0.00016123831022250886
beute,1,0.00016123831022250886
beutegreifer“-verhältnis,1,0.00016123831022250886
plastikmüll,1,0.00016123831022250886
meeresverschmutzung,1,0.00016123831022250886
überfischung,1,0.00016123831022250886
klimaregulator,1,0.00016123831022250886
liefern,1,0.00016123831022250886
zukunftsaufgabe,1,0.00016123831022250886
meerespolitik,1,0.00016123831022250886
vorhanden,1,0.00016123831022250886
angehen,1,0.00016123831022250886
anglerinn,1,0.00016123831022250886
lebenswert,1,0.00016123831022250886
innovationsbotschafter,1,0.00016123831022250886
frankreich,1,0.00016123831022250886
dänemark,1,0.00016123831022250886
leidtragende,1,0.00016123831022250886
bankensysteme,1,0.00016123831022250886
stabil,1,0.00016123831022250886
sparer,1,0.00016123831022250886
angler,1,0.00016123831022250886
sparerin,1,0.00016123831022250886
ansonsten,1,0.00016123831022250886
stabilisieren,1,0.00016123831022250886
bank,1,0.00016123831022250886
finanzbranche,1,0.00016123831022250886
einzug,1,0.00016123831022250886
verdanken,1,0.00016123831022250886
fischart,1,0.00016123831022250886
maß,1,0.00016123831022250886
zurückkehren,1,0.00016123831022250886
angeltätigkeit,1,0.00016123831022250886
zahlungsdienstleister,1,0.00016123831022250886
bigtechs,1,0.00016123831022250886
gegenpart,1,0.00016123831022250886
markteintritt,1,0.00016123831022250886
neuregelung,1,0.00016123831022250886
baldig,1,0.00016123831022250886
kontrollieren,1,0.00016123831022250886
nichtregierungsorganisation,1,0.00016123831022250886
hof,1,0.00016123831022250886
trinkwassergewinnung,1,0.00016123831022250886
rohstofflieferant,1,0.00016123831022250886
100,1,0.00016123831022250886
holzwirtschaft,1,0.00016123831022250886
bewirtschaftung,1,0.00016123831022250886
umwandlung,1,0.00016123831022250886
erdga,1,0.00016123831022250886
transport,1,0.00016123831022250886
leakage,1,0.00016123831022250886
rücksicht,1,0.00016123831022250886
entweichen,1,0.00016123831022250886
belang,1,0.00016123831022250886
speichertechnologium,1,0.00016123831022250886
arten,1,0.00016123831022250886
erzeugung,1,0.00016123831022250886
flexibel,1,0.00016123831022250886
bewältigung,1,0.00016123831022250886
energiesystem,1,0.00016123831022250886
sonnenenergie,1,0.00016123831022250886
wind,1,0.00016123831022250886
schwankend,1,0.00016123831022250886
wetterabhängig,1,0.00016123831022250886
nehmen,1,0.00016123831022250886
einspeisung,1,0.00016123831022250886
atomausstieg,1,0.00016123831022250886
kohle,1,0.00016123831022250886
treibhausgassenk,1,0.00016123831022250886
kompensieren,1,0.00016123831022250886
prüfstand,1,0.00016123831022250886
erholungsraum,1,0.00016123831022250886
multifunktional,1,0.00016123831022250886
gasnetze,1,0.00016123831022250886
waldschutzoffensive,1,0.00016123831022250886
realisierung,1,0.00016123831022250886
fahr,1,0.00016123831022250886
beleuchtungssteuerung,1,0.00016123831022250886
schadholzbergung,1,0.00016123831022250886
energieeffizienzpotential,1,0.00016123831022250886
ergeben,1,0.00016123831022250886
schädlingsbekämpfung,1,0.00016123831022250886
geschäftsmodelle,1,0.00016123831022250886
datengetrieben,1,0.00016123831022250886
vermehrt,1,0.00016123831022250886
klimaresilient,1,0.00016123831022250886
standortgerecht,1,0.00016123831022250886
automatisierung,1,0.00016123831022250886
grids,1,0.00016123831022250886
meter,1,0.00016123831022250886
baumart,1,0.00016123831022250886
forcieren,1,0.00016123831022250886
messsystem,1,0.00016123831022250886
rollout,1,0.00016123831022250886
energiewende,1,0.00016123831022250886
realisieren,1,0.00016123831022250886
importinfrastruktur,1,0.00016123831022250886
gefährden,1,0.00016123831022250886
energiepolitisch,1,0.00016123831022250886
klima-,1,0.00016123831022250886
empfinden,1,0.00016123831022250886
zone,1,0.00016123831022250886
kontrolle,1,0.00016123831022250886
lgbt-frei,1,0.00016123831022250886
modernisierungsschritte,1,0.00016123831022250886
angeblich,1,0.00016123831022250886
hinwirken,1,0.00016123831022250886
kriminalisieren,1,0.00016123831022250886
handlung,1,0.00016123831022250886
tierhaltung,1,0.00016123831022250886
homosexuell,1,0.00016123831022250886
nirgendwo,1,0.00016123831022250886
mitgehen,1,0.00016123831022250886
frauenrechtskonvention,1,0.00016123831022250886
tierschutz,1,0.00016123831022250886
selbstverständlichkeit,1,0.00016123831022250886
lsbti-,1,0.00016123831022250886
stallgröße,1,0.00016123831022250886
zustand,1,0.00016123831022250886
konvention,1,0.00016123831022250886
bezugsdauer,1,0.00016123831022250886
tier,1,0.00016123831022250886
tierschutzstandard,1,0.00016123831022250886
streichen,1,0.00016123831022250886
budgethilfe,1,0.00016123831022250886
gegebenenfalls,1,0.00016123831022250886
rechtsstaatlich,1,0.00016123831022250886
polen,1,0.00016123831022250886
nutztier,1,0.00016123831022250886
naturwissenschaftlich,1,0.00016123831022250886
kälte,1,0.00016123831022250886
pur,1,0.00016123831022250886
urwald,1,0.00016123831022250886
paradigmenwechsel,1,0.00016123831022250886
wasserbau,1,0.00016123831022250886
wasservorrat,1,0.00016123831022250886
stresstest,1,0.00016123831022250886
monitoring,1,0.00016123831022250886
pflanzenwachstum,1,0.00016123831022250886
energiepolitik,1,0.00016123831022250886
fundiert,1,0.00016123831022250886
gesamtsystem,1,0.00016123831022250886
anstieg,1,0.00016123831022250886
klasse,1,0.00016123831022250886
staatsangehörigkeit,1,0.00016123831022250886
wassermanagement,1,0.00016123831022250886
gleichheit,1,0.00016123831022250886
wider,1,0.00016123831022250886
spiegeln,1,0.00016123831022250886
religionsunabhängig,1,0.00016123831022250886
haltung,1,0.00016123831022250886
klimaabkommen,1,0.00016123831022250886
vereinbar,1,0.00016123831022250886
übergriffe,1,0.00016123831022250886
arkti,1,0.00016123831022250886
unerlässlich,1,0.00016123831022250886
marktwirtschaftlich,1,0.00016123831022250886
ideologiefrei,1,0.00016123831022250886
mithilfe,1,0.00016123831022250886
somit,1,0.00016123831022250886
wohnungssuche,1,0.00016123831022250886
erfolglos,1,0.00016123831022250886
speichern,1,0.00016123831022250886
berechtigung,1,0.00016123831022250886
bezug,1,0.00016123831022250886
kohlenstoff,1,0.00016123831022250886
erteilen,1,0.00016123831022250886
phytoplankton,1,0.00016123831022250886
seegraswiesen,1,0.00016123831022250886
algenwälder,1,0.00016123831022250886
entwicklungsland,1,0.00016123831022250886
wohnform,1,0.00016123831022250886
einkommenschance,1,0.00016123831022250886
wohnort,1,0.00016123831022250886
ernährung,1,0.00016123831022250886
bedeuten,1,0.00016123831022250886
bestimmen,1,0.00016123831022250886
verschwinden,1,0.00016123831022250886
nutzbar,1,0.00016123831022250886
wachsen,1,0.00016123831022250886
baum,1,0.00016123831022250886
achten,1,0.00016123831022250886
sicherung,1,0.00016123831022250886
ozean,1,0.00016123831022250886
umweltpolitisch,1,0.00016123831022250886
aufzusteigen,1,0.00016123831022250886
gesetzgebung,1,0.00016123831022250886
einreichen,1,0.00016123831022250886
ccs,1,0.00016123831022250886
removal“-,1,0.00016123831022250886
dioxide,1,0.00016123831022250886
storage“-,1,0.00016123831022250886
wohnraumversorgung,1,0.00016123831022250886
and,1,0.00016123831022250886
capture,1,0.00016123831022250886
aufbrechen,1,0.00016123831022250886
technologiefeindlichkeit,1,0.00016123831022250886
co2.,1,0.00016123831022250886
speicherung,1,0.00016123831022250886
biomas,1,0.00016123831022250886
mieterin,1,0.00016123831022250886
radiation,1,0.00016123831022250886
solar,1,0.00016123831022250886
geo-engineering,1,0.00016123831022250886
mieter,1,0.00016123831022250886
speicher,1,0.00016123831022250886
zahlungsschwachen,1,0.00016123831022250886
wohnungssuchend,1,0.00016123831022250886
belastung,1,0.00016123831022250886
pflanzenschutz,1,0.00016123831022250886
züchtung,1,0.00016123831022250886
wohnungsmarkt,1,0.00016123831022250886
gewinnen,1,0.00016123831022250886
planet,1,0.00016123831022250886
meeresforschung,1,0.00016123831022250886
verzichten,1,0.00016123831022250886
einkommensteuer,1,0.00016123831022250886
doppelanrechnung,1,0.00016123831022250886
würdewahrend,1,0.00016123831022250886
treibhausgasreduktion,1,0.00016123831022250886
importieren,1,0.00016123831022250886
anschließend,1,0.00016123831022250886
verlagern,1,0.00016123831022250886
außerhalb,1,0.00016123831022250886
produktionsprozeß,1,0.00016123831022250886
co2-intensive,1,0.00016123831022250886
chancenorientierter,1,0.00016123831022250886
daneben,1,0.00016123831022250886
gelingen,1,0.00016123831022250886
nachziehen,1,0.00016123831022250886
co2-bepreisung,1,0.00016123831022250886
passiv-aktiv-tausch,1,0.00016123831022250886
leakage“-schutz,1,0.00016123831022250886
leistungsempfängerin,1,0.00016123831022250886
leistungsempfänger,1,0.00016123831022250886
wto-konform,1,0.00016123831022250886
darin,1,0.00016123831022250886
lohnkostenzuschüsse,1,0.00016123831022250886
sozialversicherungspflichtig,1,0.00016123831022250886
co2-zertifikatehandel,1,0.00016123831022250886
übergangslösung,1,0.00016123831022250886
wälder,1,0.00016123831022250886
irrelevant,1,0.00016123831022250886
sozialstaat,1,0.00016123831022250886
klimapolitik,1,0.00016123831022250886
erwärmung,1,0.00016123831022250886
sprungbrett,1,0.00016123831022250886
wettlauf,1,0.00016123831022250886
zurzeit,1,0.00016123831022250886
moor,1,0.00016123831022250886
wiedervernässung,1,0.00016123831022250886
mangrov,1,0.00016123831022250886
emissionsminderung,1,0.00016123831022250886
kohlenstoffspeicher,1,0.00016123831022250886
ermutigen,1,0.00016123831022250886
freisetzen,1,0.00016123831022250886
wirklich,1,0.00016123831022250886
hüter,1,0.00016123831022250886
waldökosystem,1,0.00016123831022250886
wertvoll,1,0.00016123831022250886
belohnen,1,0.00016123831022250886
steuerfinanziert,1,0.00016123831022250886
sozialleistung,1,0.00016123831022250886
lebensunterhalt,1,0.00016123831022250886
berechnenden,1,0.00016123831022250886
zusammenfassen,1,0.00016123831022250886
rückzahlung,1,0.00016123831022250886
aufkommensneutralität,1,0.00016123831022250886
abmildern,1,0.00016123831022250886
negativ,1,0.00016123831022250886
entziehen,1,0.00016123831022250886
bauantrag,1,0.00016123831022250886
entfernt,1,0.00016123831022250886
infektionsfall,1,0.00016123831022250886
tierhalterin,1,0.00016123831022250886
registrierungspflicht,1,0.00016123831022250886
schulen,1,0.00016123831022250886
zoonosen,1,0.00016123831022250886
wildtier,1,0.00016123831022250886
nutzpflanz,1,0.00016123831022250886
basiert,1,0.00016123831022250886
zulassungskriterium,1,0.00016123831022250886
halter,1,0.00016123831022250886
halterinn,1,0.00016123831022250886
grün,1,0.00016123831022250886
gentechnik,1,0.00016123831022250886
veterinärmediziner,1,0.00016123831022250886
human,1,0.00016123831022250886
heimisch,1,0.00016123831022250886
fremd,1,0.00016123831022250886
böden,1,0.00016123831022250886
eindring,1,0.00016123831022250886
globalisierung,1,0.00016123831022250886
schonen,1,0.00016123831022250886
in-vitro-fleisch,1,0.00016123831022250886
bedrohung,1,0.00016123831022250886
neophyt,1,0.00016123831022250886
invasiv,1,0.00016123831022250886
bedenken,1,0.00016123831022250886
tierhalter,1,0.00016123831022250886
one-health“-ansatz,1,0.00016123831022250886
portal,1,0.00016123831022250886
verändert,1,0.00016123831022250886
verursacherprinzip,1,0.00016123831022250886
vorliegen,1,0.00016123831022250886
jägerinne,1,0.00016123831022250886
jäger,1,0.00016123831022250886
gefährdung,1,0.00016123831022250886
medikament,1,0.00016123831022250886
geprüft,1,0.00016123831022250886
naturschützerin,1,0.00016123831022250886
bergbau,1,0.00016123831022250886
naturschützer,1,0.00016123831022250886
rückständ,1,0.00016123831022250886
eintrag,1,0.00016123831022250886
wasserversorgung,1,0.00016123831022250886
kommunal,1,0.00016123831022250886
intakt,1,0.00016123831022250886
technologieoffenheit,1,0.00016123831022250886
feuchtbiotope,1,0.00016123831022250886
bewirtschaften,1,0.00016123831022250886
schonend,1,0.00016123831022250886
grundwasservorkomm,1,0.00016123831022250886
gentechnisch,1,0.00016123831022250886
sorge,1,0.00016123831022250886
umweltwissenschaften,1,0.00016123831022250886
veterinärmedizin,1,0.00016123831022250886
humanmedizin,1,0.00016123831022250886
bevölkerung,1,0.00016123831022250886
errungenschaft,1,0.00016123831022250886
unzählig,1,0.00016123831022250886
begreifen,1,0.00016123831022250886
bestand,1,0.00016123831022250886
beeinträchtigen,1,0.00016123831022250886
treibhausgasminderung,1,0.00016123831022250886
neubau,1,0.00016123831022250886
bündnis,1,0.00016123831022250886
thema,1,0.00016123831022250886
erforderlich,1,0.00016123831022250886
falls,1,0.00016123831022250886
co2-speicherstätten,1,0.00016123831022250886
erschließung,1,0.00016123831022250886
bewusstsein,1,0.00016123831022250886
erkundung,1,0.00016123831022250886
anreizmodelle,1,0.00016123831022250886
5-prozent-ziel,1,0.00016123831022250886
55-prozent-ziel,1,0.00016123831022250886
zertifikat,1,0.00016123831022250886
co2-,1,0.00016123831022250886
lock-in-effekt,1,0.00016123831022250886
passend,1,0.00016123831022250886
seriell,1,0.00016123831022250886
gebunden,1,0.00016123831022250886
teilautomatisiert,1,0.00016123831022250886
baugenehmigungsverfahren,1,0.00016123831022250886
steuererklärung,1,0.00016123831022250886
antragsteller,1,0.00016123831022250886
on-demand-verkehr,1,0.00016123831022250886
-armen,1,0.00016123831022250886
verkehrsführung,1,0.00016123831022250886
bestandsflott,1,0.00016123831022250886
verpflichtung,1,0.00016123831022250886
ethisch,1,0.00016123831022250886
menschheitsaufgabe,1,0.00016123831022250886
widerspruch,1,0.00016123831022250886
artensterben,1,0.00016123831022250886
luftbelastung,1,0.00016123831022250886
fläche,1,0.00016123831022250886
vertragsnaturschutz,1,0.00016123831022250886
umgehungsverkehr,1,0.00016123831022250886
liberalst,1,0.00016123831022250886
fahrverbot,1,0.00016123831022250886
vorzusorgen,1,0.00016123831022250886
gesetzesänderung,1,0.00016123831022250886
steuergerechtigkeit,1,0.00016123831022250886
missbräuchlich,1,0.00016123831022250886
umgehung,1,0.00016123831022250886
grunderwerbsteuer,1,0.00016123831022250886
e-fuel,1,0.00016123831022250886
immobilieninvestor,1,0.00016123831022250886
synthetisch,1,0.00016123831022250886
mittels,1,0.00016123831022250886
share,1,0.00016123831022250886
deals,1,0.00016123831022250886
stauvermeidung,1,0.00016123831022250886
maximal,1,0.00016123831022250886
selbstverständlich,1,0.00016123831022250886
verlängern,1,0.00016123831022250886
ideell,1,0.00016123831022250886
begabtenförderungswerk,1,0.00016123831022250886
talenten,1,0.00016123831022250886
fablabs,1,0.00016123831022250886
werkstätte,1,0.00016123831022250886
kreativ,1,0.00016123831022250886
ausbildungsangebot,1,0.00016123831022250886
umsetzung,1,0.00016123831022250886
konzeption,1,0.00016123831022250886
ausbildend,1,0.00016123831022250886
berufsbildend,1,0.00016123831022250886
berufsbildung,1,0.00016123831022250886
zentrum,1,0.00016123831022250886
update,1,0.00016123831022250886
innovationskraft,1,0.00016123831022250886
attraktivität,1,0.00016123831022250886
berufliche,1,0.00016123831022250886
exzellenzinitiative,1,0.00016123831022250886
berufen,1,0.00016123831022250886
handel,1,0.00016123831022250886
handwerk,1,0.00016123831022250886
fachkräftesicherung,1,0.00016123831022250886
berufsschule,1,0.00016123831022250886
regelfall,1,0.00016123831022250886
schools,1,0.00016123831022250886
ausgründung,1,0.00016123831022250886
ausgewählt,1,0.00016123831022250886
zumeist,1,0.00016123831022250886
deutschlandstipendium,1,0.00016123831022250886
stipendiatinne,1,0.00016123831022250886
erstausbildung,1,0.00016123831022250886
stipendiat,1,0.00016123831022250886
interdisziplinär,1,0.00016123831022250886
teilzeitfortbildungen,1,0.00016123831022250886
aufstiegs-bafög,1,0.00016123831022250886
jugendberufsagentur,1,0.00016123831022250886
praktika,1,0.00016123831022250886
berufsorientierungsangebote,1,0.00016123831022250886
gymnasien,1,0.00016123831022250886
azubi-botschafter,1,0.00016123831022250886
berufsorientierung,1,0.00016123831022250886
verankern,1,0.00016123831022250886
fortbildungsordnung,1,0.00016123831022250886
zusatzqualifikation,1,0.00016123831022250886
auslandserfahrung,1,0.00016123831022250886
2030,1,0.00016123831022250886
abschlussprüfung,1,0.00016123831022250886
berufsspezifisch,1,0.00016123831022250886
berufsprinzip,1,0.00016123831022250886
fachkräft,1,0.00016123831022250886
beschäftigungsfähigkeit,1,0.00016123831022250886
vernachlässigen,1,0.00016123831022250886
berufsübergreifend,1,0.00016123831022250886
zunächst,1,0.00016123831022250886
ausbildungsphase,1,0.00016123831022250886
gleichwertigkeit,1,0.00016123831022250886
schulungsangebot,1,0.00016123831022250886
seminar,1,0.00016123831022250886
talent,1,0.00016123831022250886
weiterbildungsengagement,1,0.00016123831022250886
non-formal,1,0.00016123831022250886
hybride,1,0.00016123831022250886
it-administrator,1,0.00016123831022250886
verfassungsrechtlich,1,0.00016123831022250886
basieren,1,0.00016123831022250886
lehrkräfteakademie,1,0.00016123831022250886
lehrmethode,1,0.00016123831022250886
lern-,1,0.00016123831022250886
lernprozesse,1,0.00016123831022250886
digitalkompetenze,1,0.00016123831022250886
fachwissenschaftlich,1,0.00016123831022250886
balance,1,0.00016123831022250886
mindeststandard,1,0.00016123831022250886
begeistern,1,0.00016123831022250886
allgegenwärtig,1,0.00016123831022250886
lehrkräftemangel,1,0.00016123831022250886
verzahnen,1,0.00016123831022250886
beginn,1,0.00016123831022250886
praxisphase,1,0.00016123831022250886
lehramtsstudium,1,0.00016123831022250886
knüpfen,1,0.00016123831022250886
ansprechperson,1,0.00016123831022250886
aufstiegsscout,1,0.00016123831022250886
kammer,1,0.00016123831022250886
ergänzung,1,0.00016123831022250886
auslandssemester,1,0.00016123831022250886
planung,1,0.00016123831022250886
stipendi,1,0.00016123831022250886
arbeiterkind.de,1,0.00016123831022250886
patenschaft,1,0.00016123831022250886
it-administratorinn,1,0.00016123831022250886
dienstgerat,1,0.00016123831022250886
informell,1,0.00016123831022250886
lernmaterial,1,0.00016123831022250886
bildungsarena,1,0.00016123831022250886
plattform,1,0.00016123831022250886
strukturieren,1,0.00016123831022250886
anbieter,1,0.00016123831022250886
anbieterinn,1,0.00016123831022250886
bildungsangebot,1,0.00016123831022250886
vielzahl,1,0.00016123831022250886
bildungsauszeit,1,0.00016123831022250886
weiterbildungsangebot,1,0.00016123831022250886
anspar,1,0.00016123831022250886
abgabenfrei,1,0.00016123831022250886
freiraumkonto,1,0.00016123831022250886
midlife-bafög,1,0.00016123831022250886
lernumgebung,1,0.00016123831022250886
lernende,1,0.00016123831022250886
datum,1,0.00016123831022250886
auswertung,1,0.00016123831022250886
individualisierung,1,0.00016123831022250886
einsatz,1,0.00016123831022250886
distanz,1,0.00016123831022250886
präsenz,1,0.00016123831022250886
gestützt,1,0.00016123831022250886
sonderpädagogisch,1,0.00016123831022250886
allgemeinbildend,1,0.00016123831022250886
notfall,1,0.00016123831022250886
hardware,1,0.00016123831022250886
wlan,1,0.00016123831022250886
bildungsweg,1,0.00016123831022250886
qualifikation,1,0.00016123831022250886
nichtakademisch,1,0.00016123831022250886
massachusetts-institut,1,0.00016123831022250886
mint-fächer,1,0.00016123831022250886
besetzen,1,0.00016123831022250886
anstatt,1,0.00016123831022250886
ausgleichsabgabe,1,0.00016123831022250886
lieber,1,0.00016123831022250886
forschungsorganisatione,1,0.00016123831022250886
außeruniversitär,1,0.00016123831022250886
zahlen,1,0.00016123831022250886
perspektivwechsel,1,0.00016123831022250886
etablieren,1,0.00016123831022250886
erasmus,1,0.00016123831022250886
absolvieren,1,0.00016123831022250886
ausland,1,0.00016123831022250886
schulzeit,1,0.00016123831022250886
sechs,1,0.00016123831022250886
erfolgsprogramm,1,0.00016123831022250886
forschungsfinanzierung,1,0.00016123831022250886
förderprogramm,1,0.00016123831022250886
studienmodule,1,0.00016123831022250886
lebensbegleitend,1,0.00016123831022250886
betreuungsquote,1,0.00016123831022250886
grundlegend,1,0.00016123831022250886
regeln,1,0.00016123831022250886
bereitgestellt,1,0.00016123831022250886
zahl,1,0.00016123831022250886
kapazitätsrecht,1,0.00016123831022250886
starre,1,0.00016123831022250886
untersuchung,1,0.00016123831022250886
1990er,1,0.00016123831022250886
datenschutz-,1,0.00016123831022250886
grundlagenforschung,1,0.00016123831022250886
bündeln,1,0.00016123831022250886
transfer-know-how,1,0.00016123831022250886
one-stop-shop,1,0.00016123831022250886
andererseits,1,0.00016123831022250886
beteiligung,1,0.00016123831022250886
einerseits,1,0.00016123831022250886
förderfähig,1,0.00016123831022250886
technologischen,1,0.00016123831022250886
selbstverwaltungseinrichtung,1,0.00016123831022250886
agieren,1,0.00016123831022250886
transfergemeinschaft,1,0.00016123831022250886
alltag,1,0.00016123831022250886
verbleiben,1,0.00016123831022250886
dividende,1,0.00016123831022250886
einsparung,1,0.00016123831022250886
erreicht,1,0.00016123831022250886
arbeitsweise,1,0.00016123831022250886
prozeß,1,0.00016123831022250886
wort,1,0.00016123831022250886
wahr,1,0.00016123831022250886
retten,1,0.00016123831022250886
spitzentechnologie,1,0.00016123831022250886
starten,1,0.00016123831022250886
grundlagenforschungsinitiative,1,0.00016123831022250886
innovationsstruktur,1,0.00016123831022250886
diversifikation,1,0.00016123831022250886
angewandt,1,0.00016123831022250886
urheberrechtlich,1,0.00016123831022250886
didaktisch,1,0.00016123831022250886
karrierewege,1,0.00016123831022250886
forschungspolitik,1,0.00016123831022250886
forschungsbedingung,1,0.00016123831022250886
teilzeitausbildung,1,0.00016123831022250886
ausbildungsdauer,1,0.00016123831022250886
teilqualifizierunge,1,0.00016123831022250886
hierzu,1,0.00016123831022250886
durchlässig,1,0.00016123831022250886
praktikum,1,0.00016123831022250886
drittens,1,0.00016123831022250886
stets,1,0.00016123831022250886
übergang,1,0.00016123831022250886
wobei,1,0.00016123831022250886
sozialpartner,1,0.00016123831022250886
abstimmung,1,0.00016123831022250886
ausbildungsplatz,1,0.00016123831022250886
unterversorgung,1,0.00016123831022250886
erheblich,1,0.00016123831022250886
außerbetrieblich,1,0.00016123831022250886
zweitens,1,0.00016123831022250886
seite,1,0.00016123831022250886
-begleiter,1,0.00016123831022250886
lernprozessbegleiterinn,1,0.00016123831022250886
geschult,1,0.00016123831022250886
sozialpädagogisch,1,0.00016123831022250886
teilnehmend,1,0.00016123831022250886
einstiegsqualifizierung,1,0.00016123831022250886
erstens,1,0.00016123831022250886
zukunftsgarantie,1,0.00016123831022250886
bekämpfung,1,0.00016123831022250886
lehrformat,1,0.00016123831022250886
lehrende,1,0.00016123831022250886
ortsunabhängig,1,0.00016123831022250886
qualitätsorientiert,1,0.00016123831022250886
mittelzuweisung,1,0.00016123831022250886
qualitätsoffensive,1,0.00016123831022250886
zuverdienstgrenzo,1,0.00016123831022250886
aufheben,1,0.00016123831022250886
höchstaltersgrenz,1,0.00016123831022250886
gesamtförderdauer,1,0.00016123831022250886
studienfachwechsel,1,0.00016123831022250886
semester,1,0.00016123831022250886
regelstudienzeit,1,0.00016123831022250886
förderhöchstdauer,1,0.00016123831022250886
darlehen,1,0.00016123831022250886
rückzahlbar,1,0.00016123831022250886
zinsfreie,1,0.00016123831022250886
anpassbar,1,0.00016123831022250886
nebentätigkeit,1,0.00016123831022250886
kinderfreibetrag,1,0.00016123831022250886
kindergeld,1,0.00016123831022250886
bisherig,1,0.00016123831022250886
baukasten-bafög,1,0.00016123831022250886
elternunabhängig,1,0.00016123831022250886
weltbest,1,0.00016123831022250886
lebenssituation,1,0.00016123831022250886
bildungsmobilität,1,0.00016123831022250886
grenze,1,0.00016123831022250886
verbleibend,1,0.00016123831022250886
edu,1,0.00016123831022250886
ebnen,1,0.00016123831022250886
aufstiegsplan,1,0.00016123831022250886
verteilt,1,0.00016123831022250886
berechnung,1,0.00016123831022250886
finanzverwaltung,1,0.00016123831022250886
rentenkasse,1,0.00016123831022250886
rentenbezieher,1,0.00016123831022250886
rentenbezieherinn,1,0.00016123831022250886
steuerpflichtige,1,0.00016123831022250886
zugunsten,1,0.00016123831022250886
beweislastumkehr,1,0.00016123831022250886
umfangreich,1,0.00016123831022250886
besteuerungsverfahr,1,0.00016123831022250886
arbeitsmarktpolitik,1,0.00016123831022250886
glaubwürdigkeit,1,0.00016123831022250886
wiederherstellung,1,0.00016123831022250886
anhaltend,1,0.00016123831022250886
rechtfertigen,1,0.00016123831022250886
solidarpakt,1,0.00016123831022250886
laufen,1,0.00016123831022250886
2019,1,0.00016123831022250886
sondersteuer,1,0.00016123831022250886
komplett,1,0.00016123831022250886
ungerecht,1,0.00016123831022250886
leistungsfeindlich,1,0.00016123831022250886
steuerlast,1,0.00016123831022250886
2024,1,0.00016123831022250886
2022,1,0.00016123831022250886
chancentarif,1,0.00016123831022250886
linear,1,0.00016123831022250886
mittelstandsbauch,1,0.00016123831022250886
detailliert,1,0.00016123831022250886
vorlegen,1,0.00016123831022250886
"38,8",1,0.00016123831022250886
ersichtlich,1,0.00016123831022250886
steuersystem,1,0.00016123831022250886
gründungsvorhabe,1,0.00016123831022250886
angel,1,0.00016123831022250886
investorinn,1,0.00016123831022250886
einwerbung,1,0.00016123831022250886
gründerinn,1,0.00016123831022250886
bemessen,1,0.00016123831022250886
anhand,1,0.00016123831022250886
versichert,1,0.00016123831022250886
krankenkassenbeitrag,1,0.00016123831022250886
gründungserfolg,1,0.00016123831022250886
hiesig,1,0.00016123831022250886
finanzpolitisch,1,0.00016123831022250886
finanz,1,0.00016123831022250886
solide,1,0.00016123831022250886
hinterlassen,1,0.00016123831022250886
drängen,1,0.00016123831022250886
innerer,1,0.00016123831022250886
originär,1,0.00016123831022250886
haushalt,1,0.00016123831022250886
hälfte,1,0.00016123831022250886
deckeln,1,0.00016123831022250886
entfachen,1,0.00016123831022250886
zukunftsinvestition,1,0.00016123831022250886
impuls,1,0.00016123831022250886
renteneinkünft,1,0.00016123831022250886
umfang,1,0.00016123831022250886
einkommensteuertarif,1,0.00016123831022250886
liegen,1,0.00016123831022250886
verlagerung,1,0.00016123831022250886
entfaltung,1,0.00016123831022250886
mut,1,0.00016123831022250886
vorreiter,1,0.00016123831022250886
versetzen,1,0.00016123831022250886
berg,1,0.00016123831022250886
entschlossenheit,1,0.00016123831022250886
forscherin,1,0.00016123831022250886
covid-19,1,0.00016123831022250886
zulassen,1,0.00016123831022250886
weltbester,1,0.00016123831022250886
verschärfen,1,0.00016123831022250886
problem,1,0.00016123831022250886
vergeben,1,0.00016123831022250886
brief,1,0.00016123831022250886
impftermine,1,0.00016123831022250886
impfung,1,0.00016123831022250886
sms,1,0.00016123831022250886
nachverfolgen,1,0.00016123831022250886
infektionskett,1,0.00016123831022250886
abgetippen,1,0.00016123831022250886
liste,1,0.00016123831022250886
beamter,1,0.00016123831022250886
beamtinn,1,0.00016123831022250886
hochqualifiziert,1,0.00016123831022250886
schicken,1,0.00016123831022250886
faxe,1,0.00016123831022250886
gegenseitig,1,0.00016123831022250886
gesundheitsämter,1,0.00016123831022250886
kulturszene,1,0.00016123831022250886
massiv,1,0.00016123831022250886
amtsantritt,1,0.00016123831022250886
wachstum,1,0.00016123831022250886
"41,4",1,0.00016123831022250886
sozialbeitragsquot,1,0.00016123831022250886
steuerquot,1,0.00016123831022250886
bundeskanzlerin,1,0.00016123831022250886
merkel,1,0.00016123831022250886
angela,1,0.00016123831022250886
senken,1,0.00016123831022250886
abgabenbelastung,1,0.00016123831022250886
trendwende,1,0.00016123831022250886
weltspitze,1,0.00016123831022250886
reiseinnovation,1,0.00016123831022250886
reisemarkt,1,0.00016123831022250886
wachsend,1,0.00016123831022250886
breitbandversorgung,1,0.00016123831022250886
individualverkehr,1,0.00016123831022250886
reise,1,0.00016123831022250886
schiff,1,0.00016123831022250886
flugzeug,1,0.00016123831022250886
züge,1,0.00016123831022250886
verkehrsmittel,1,0.00016123831022250886
erlös,1,0.00016123831022250886
leistungsfähig,1,0.00016123831022250886
zukunftstauglich,1,0.00016123831022250886
aufholen,1,0.00016123831022250886
erfordern,1,0.00016123831022250886
stet,1,0.00016123831022250886
verkommen,1,0.00016123831022250886
steuerverlust,1,0.00016123831022250886
ungerechtfertigt,1,0.00016123831022250886
bildungsabschlüssen,1,0.00016123831022250886
rechn,1,0.00016123831022250886
schulfächer,1,0.00016123831022250886
lebensweg,1,0.00016123831022250886
unternehmerisch,1,0.00016123831022250886
interesse,1,0.00016123831022250886
experimentelles,1,0.00016123831022250886
weitergebilden,1,0.00016123831022250886
pilotschul,1,0.00016123831022250886
errichtung,1,0.00016123831022250886
bund-länder-programm,1,0.00016123831022250886
medium,1,0.00016123831022250886
kreativzon,1,0.00016123831022250886
mint-bereich,1,0.00016123831022250886
mädchen,1,0.00016123831022250886
maßnahmenpaket,1,0.00016123831022250886
forschend,1,0.00016123831022250886
experimenteller,1,0.00016123831022250886
pädagog,1,0.00016123831022250886
pädagogin,1,0.00016123831022250886
mint,1,0.00016123831022250886
naturwissenschaft,1,0.00016123831022250886
mathematik,1,0.00016123831022250886
offensive,1,0.00016123831022250886
erlernen,1,0.00016123831022250886
sprache,1,0.00016123831022250886
spielerisch,1,0.00016123831022250886
kindesalter,1,0.00016123831022250886
fremdsprache,1,0.00016123831022250886
heutzutage,1,0.00016123831022250886
lese,1,0.00016123831022250886
verschaffen,1,0.00016123831022250886
schreiben,1,0.00016123831022250886
bildungsfern,1,0.00016123831022250886
einzubinden,1,0.00016123831022250886
aufstiegspatenschaft,1,0.00016123831022250886
bundeswehr,1,0.00016123831022250886
partei,1,0.00016123831022250886
aussperren,1,0.00016123831022250886
zivilklauseln,1,0.00016123831022250886
elternhaus,1,0.00016123831022250886
erläutern,1,0.00016123831022250886
ausprobieren,1,0.00016123831022250886
erzählen,1,0.00016123831022250886
alltagsnah,1,0.00016123831022250886
lebens-,1,0.00016123831022250886
experte,1,0.00016123831022250886
expertin,1,0.00016123831022250886
wissenschaftlerinn,1,0.00016123831022250886
engagiert,1,0.00016123831022250886
leitfäde,1,0.00016123831022250886
qualitätskriterie,1,0.00016123831022250886
online-sucht,1,0.00016123831022250886
datenschutz,1,0.00016123831022250886
cybermobbing,1,0.00016123831022250886
hatespeech,1,0.00016123831022250886
desinformation,1,0.00016123831022250886
wirtschaftssystem,1,0.00016123831022250886
kenntnis,1,0.00016123831022250886
basiswissen,1,0.00016123831022250886
altersgerecht,1,0.00016123831022250886
startchance,1,0.00016123831022250886
nichtbesteuerung,1,0.00016123831022250886
niveau,1,0.00016123831022250886
schulfreiheitsgesetze,1,0.00016123831022250886
werben,1,0.00016123831022250886
lehrmittel,1,0.00016123831022250886
auswahl,1,0.00016123831022250886
personalentscheidung,1,0.00016123831022250886
fächerübergreifend,1,0.00016123831022250886
leistungsniveaus,1,0.00016123831022250886
zuschneiden,1,0.00016123831022250886
organisieren,1,0.00016123831022250886
schulautonomie,1,0.00016123831022250886
verwendung,1,0.00016123831022250886
personell,1,0.00016123831022250886
pädagogischen,1,0.00016123831022250886
autonomie,1,0.00016123831022250886
arbeitsmöglichkeit,1,0.00016123831022250886
zukunftssich,1,0.00016123831022250886
oecd-staat,1,0.00016123831022250886
top,1,0.00016123831022250886
bildungssektor,1,0.00016123831022250886
milliarde,1,0.00016123831022250886
"2,5",1,0.00016123831022250886
rund,1,0.00016123831022250886
staatsvertrag,1,0.00016123831022250886
mehrwertsteueraufkommen,1,0.00016123831022250886
prozentpunkt,1,0.00016123831022250886
ertrag,1,0.00016123831022250886
schädlich,1,0.00016123831022250886
profilentwicklung,1,0.00016123831022250886
schul,1,0.00016123831022250886
vorbereiten,1,0.00016123831022250886
unterrichtsentwicklung,1,0.00016123831022250886
selbstbestimmt,1,0.00016123831022250886
möglichst,1,0.00016123831022250886
potentiale,1,0.00016123831022250886
bestmögliche,1,0.00016123831022250886
lernschwäche,1,0.00016123831022250886
nordrhein-westfalen,1,0.00016123831022250886
stadtteil,1,0.00016123831022250886
kinderreich,1,0.00016123831022250886
pädagogik,1,0.00016123831022250886
modernst,1,0.00016123831022250886
schulqualität,1,0.00016123831022250886
auseinanderdriften,1,0.00016123831022250886
förderbedarf,1,0.00016123831022250886
förderkonzept,1,0.00016123831022250886
dream“-,1,0.00016123831022250886
dank,1,0.00016123831022250886
bedarfsorientiert,1,0.00016123831022250886
überlebensfähigkeit,1,0.00016123831022250886
status,1,0.00016123831022250886
sozioökonomisch,1,0.00016123831022250886
dream“-zuschuss,1,0.00016123831022250886
pro,1,0.00016123831022250886
größe,1,0.00016123831022250886
erzielen,1,0.00016123831022250886
entscheidungsfreiheit,1,0.00016123831022250886
gestaltung,1,0.00016123831022250886
pisa-studie,1,0.00016123831022250886
kostenneutral,1,0.00016123831022250886
transferfördergeld,1,0.00016123831022250886
partnermonate,1,0.00016123831022250886
präventionsgesetz,1,0.00016123831022250886
bürokratisch,1,0.00016123831022250886
sämtlich,1,0.00016123831022250886
klagen,1,0.00016123831022250886
seit,1,0.00016123831022250886
kleinteilig,1,0.00016123831022250886
fokus,1,0.00016123831022250886
schärfen,1,0.00016123831022250886
anforderen,1,0.00016123831022250886
bezahlen,1,0.00016123831022250886
berichtspflichter,1,0.00016123831022250886
bepreisung,1,0.00016123831022250886
entbürokratisierung,1,0.00016123831022250886
assistenzsystem,1,0.00016123831022250886
krankenversorgung,1,0.00016123831022250886
innovationsmotoren,1,0.00016123831022250886
patientendat,1,0.00016123831022250886
patientinne,1,0.00016123831022250886
verfügbarkeit,1,0.00016123831022250886
ausgestalten,1,0.00016123831022250886
datensicherheit,1,0.00016123831022250886
interoperabilität,1,0.00016123831022250886
gewährung,1,0.00016123831022250886
zuschuß,1,0.00016123831022250886
prüfung,1,0.00016123831022250886
engpässe,1,0.00016123831022250886
planungshoheit,1,0.00016123831022250886
träger,1,0.00016123831022250886
gegenteil,1,0.00016123831022250886
überzeugung,1,0.00016123831022250886
bereinigen,1,0.00016123831022250886
bevormundung,1,0.00016123831022250886
zahlung,1,0.00016123831022250886
heilmittelerbringer,1,0.00016123831022250886
stück,1,0.00016123831022250886
ärztin,1,0.00016123831022250886
vertrauensbeziehung,1,0.00016123831022250886
zugute,1,0.00016123831022250886
budgetierungszwang,1,0.00016123831022250886
therapiefreiheit,1,0.00016123831022250886
patientenversorgung,1,0.00016123831022250886
treiber,1,0.00016123831022250886
standort,1,0.00016123831022250886
hightech-gesundheitsmedizin,1,0.00016123831022250886
hinweg,1,0.00016123831022250886
klinisch,1,0.00016123831022250886
phase,1,0.00016123831022250886
start-ups,1,0.00016123831022250886
regenerativ,1,0.00016123831022250886
gentherapien,1,0.00016123831022250886
biomedizin,1,0.00016123831022250886
suchtbehandlung,1,0.00016123831022250886
altersunabhängig,1,0.00016123831022250886
gesundheitsförderung,1,0.00016123831022250886
krankheitsfrüherkennung,1,0.00016123831022250886
gesundheitslernen,1,0.00016123831022250886
verhütung,1,0.00016123831022250886
lebensstil,1,0.00016123831022250886
kindergärt,1,0.00016123831022250886
konfessionell,1,0.00016123831022250886
krankenhausleistunge,1,0.00016123831022250886
gesundheitsversorgung,1,0.00016123831022250886
vorbereitung,1,0.00016123831022250886
behindertenbeauftragte,1,0.00016123831022250886
gleichstellung,1,0.00016123831022250886
struktur,1,0.00016123831022250886
quote,1,0.00016123831022250886
alternative,1,0.00016123831022250886
mechanismus,1,0.00016123831022250886
angeben,1,0.00016123831022250886
gehaltsgruppe,1,0.00016123831022250886
prozentual,1,0.00016123831022250886
verdienstunterschied,1,0.00016123831022250886
durchschnittlich,1,0.00016123831022250886
veröffentlichen,1,0.00016123831022250886
auswerten,1,0.00016123831022250886
gender-pay-gap,1,0.00016123831022250886
unternehmensintern,1,0.00016123831022250886
500,1,0.00016123831022250886
bezahlung,1,0.00016123831022250886
anfang,1,0.00016123831022250886
rechnung,1,0.00016123831022250886
mütter,1,0.00016123831022250886
regenerationsbedarf,1,0.00016123831022250886
erhöht,1,0.00016123831022250886
alleinerziehenden,1,0.00016123831022250886
familienangehörige,1,0.00016123831022250886
benennen,1,0.00016123831022250886
alleinerziehende,1,0.00016123831022250886
äquivalent,1,0.00016123831022250886
einbinden,1,0.00016123831022250886
beginnen,1,0.00016123831022250886
überangebot,1,0.00016123831022250886
praxistauglich,1,0.00016123831022250886
überversorgung,1,0.00016123831022250886
fehlanreiz,1,0.00016123831022250886
strukturreform,1,0.00016123831022250886
maximalversorgend,1,0.00016123831022250886
investitionsfinanzierung,1,0.00016123831022250886
pandemi,1,0.00016123831022250886
wohnortnah,1,0.00016123831022250886
coronapandemie,1,0.00016123831022250886
leistungsgerechtigkeit,1,0.00016123831022250886
ändern,1,0.00016123831022250886
angemessen,1,0.00016123831022250886
pflicht,1,0.00016123831022250886
karenzfrist,1,0.00016123831022250886
gründungsphase,1,0.00016123831022250886
verlieren,1,0.00016123831022250886
riester-förderung,1,0.00016123831022250886
direktversicherung,1,0.00016123831022250886
selbstständigkeit,1,0.00016123831022250886
zickzack-lebensläuf,1,0.00016123831022250886
einnahme,1,0.00016123831022250886
beschäftigung,1,0.00016123831022250886
regulär,1,0.00016123831022250886
berücksichtigt,1,0.00016123831022250886
wenig,1,0.00016123831022250886
werkstatt,1,0.00016123831022250886
300.000,1,0.00016123831022250886
begleitung,1,0.00016123831022250886
schulgelder,1,0.00016123831022250886
patientenzentrieren,1,0.00016123831022250886
beanspruchen,1,0.00016123831022250886
demenzfreundlich,1,0.00016123831022250886
demenz,1,0.00016123831022250886
niedrigschwellig,1,0.00016123831022250886
tragend,1,0.00016123831022250886
angehörige,1,0.00016123831022250886
medikationsänderungen,1,0.00016123831022250886
pflegebedürftige,1,0.00016123831022250886
erleichterung,1,0.00016123831022250886
viele,1,0.00016123831022250886
lagerungshilf,1,0.00016123831022250886
medikamentenausgabe,1,0.00016123831022250886
automatisiert,1,0.00016123831022250886
patientenkurve,1,0.00016123831022250886
elektronisch,1,0.00016123831022250886
qualifikationsmix,1,0.00016123831022250886
pflegepersonal-regelung,1,0.00016123831022250886
starr,1,0.00016123831022250886
bedarf,1,0.00016123831022250886
lückenbüßer,1,0.00016123831022250886
praktisch,1,0.00016123831022250886
adäquat,1,0.00016123831022250886
zulasten,1,0.00016123831022250886
personengruppe,1,0.00016123831022250886
berufsfeld,1,0.00016123831022250886
pflegebereich,1,0.00016123831022250886
pflegewissenschaft,1,0.00016123831022250886
legen,1,0.00016123831022250886
pflegeprofessur,1,0.00016123831022250886
aufsuchend,1,0.00016123831022250886
quartier,1,0.00016123831022250886
berufsbiographie,1,0.00016123831022250886
telepfleg,1,0.00016123831022250886
lebensrealität,1,0.00016123831022250886
passen,1,0.00016123831022250886
elterngeldplus,1,0.00016123831022250886
mischeinkünft,1,0.00016123831022250886
insolvenzgeld,1,0.00016123831022250886
ungerechtigkeit,1,0.00016123831022250886
entbürokratisieren,1,0.00016123831022250886
abgerufen,1,0.00016123831022250886
kinderleichen,1,0.00016123831022250886
kinderchancenportal,1,0.00016123831022250886
chancenpaket,1,0.00016123831022250886
nichtmateriell,1,0.00016123831022250886
flexibetrag,1,0.00016123831022250886
grundbetrag,1,0.00016123831022250886
abwälzen,1,0.00016123831022250886
pflegefinanzierung,1,0.00016123831022250886
unvertretbar,1,0.00016123831022250886
enden,1,0.00016123831022250886
eigenverantwortung,1,0.00016123831022250886
pflegezusatzvorsorge,1,0.00016123831022250886
drei-säulen-modell,1,0.00016123831022250886
kapitaldeckungselement,1,0.00016123831022250886
teilleistung,1,0.00016123831022250886
generationengerecht,1,0.00016123831022250886
pflegegrade,1,0.00016123831022250886
leistungsansprüch,1,0.00016123831022250886
entlastung,1,0.00016123831022250886
assistenzkraft,1,0.00016123831022250886
pflegenden,1,0.00016123831022250886
rettungsdienst,1,0.00016123831022250886
erkrankung,1,0.00016123831022250886
aufklärungskampagne,1,0.00016123831022250886
-arbeiter,1,0.00016123831022250886
schulsozialarbeiterinnen,1,0.00016123831022250886
schulpsychologisch,1,0.00016123831022250886
psychotherapie,1,0.00016123831022250886
psychologie,1,0.00016123831022250886
kassensitze,1,0.00016123831022250886
anzahl,1,0.00016123831022250886
psychologisch,1,0.00016123831022250886
therapieplätz,1,0.00016123831022250886
therapieplatz,1,0.00016123831022250886
wartezeit,1,0.00016123831022250886
unversorgen,1,0.00016123831022250886
vergütung,1,0.00016123831022250886
entscheidungsverfahren,1,0.00016123831022250886
behandlungsmethode,1,0.00016123831022250886
derzeit,1,0.00016123831022250886
erschweren,1,0.00016123831022250886
vergütungsregelung,1,0.00016123831022250886
leiten,1,0.00016123831022250886
grundsatz,1,0.00016123831022250886
kurzstationär,1,0.00016123831022250886
grundversorgung,1,0.00016123831022250886
gesundheitszentr,1,0.00016123831022250886
integrierte,1,0.00016123831022250886
vernetzter,1,0.00016123831022250886
notfallversorgungsstruktur,1,0.00016123831022250886
entstigmatisierung,1,0.00016123831022250886
leistungsfähigkeit,1,0.00016123831022250886
wiederfinden,1,0.00016123831022250886
sensibilisieren,1,0.00016123831022250886
empathisch,1,0.00016123831022250886
anspruchsvoll,1,0.00016123831022250886
pflegeberuf,1,0.00016123831022250886
menschlich,1,0.00016123831022250886
unfall,1,0.00016123831022250886
qualifiziert,1,0.00016123831022250886
rezeptpflichtig,1,0.00016123831022250886
wählen,1,0.00016123831022250886
verschieden,1,0.00016123831022250886
mittelpunkt,1,0.00016123831022250886
patienteninteressen,1,0.00016123831022250886
versicherten,1,0.00016123831022250886
krankenversicherungsvielfalt,1,0.00016123831022250886
solidarisch,1,0.00016123831022250886
pkv,1,0.00016123831022250886
privater,1,0.00016123831022250886
gkv,1,0.00016123831022250886
22.,1,0.00016123831022250886
verhütungsmethode,1,0.00016123831022250886
kostenübernahme,1,0.00016123831022250886
beitragsrückerstattung,1,0.00016123831022250886
bonuszahlung,1,0.00016123831022250886
selbstbeteiligung,1,0.00016123831022250886
versorgungsforma,1,0.00016123831022250886
leistungserbringer,1,0.00016123831022250886
vertrag,1,0.00016123831022250886
versorgen,1,0.00016123831022250886
zeitdauer,1,0.00016123831022250886
halbtägig,1,0.00016123831022250886
einzelstrategium,1,0.00016123831022250886
seeschifffahrt,1,0.00016123831022250886
weiche,1,0.00016123831022250886
logistik,1,0.00016123831022250886
hinterlandanbindung,1,0.00016123831022250886
küstenwasserstraßennetz,1,0.00016123831022250886
verzahnung,1,0.00016123831022250886
wasserstraß,1,0.00016123831022250886
ertüchtigung,1,0.00016123831022250886
piräus,1,0.00016123831022250886
rotterdam,1,0.00016123831022250886
wettbewerbsbedingung,1,0.00016123831022250886
güterverkehr,1,0.00016123831022250886
umweltschonendst,1,0.00016123831022250886
schon,1,0.00016123831022250886
menge,1,0.00016123831022250886
transportiert,1,0.00016123831022250886
strecke,1,0.00016123831022250886
zurückgelegt,1,0.00016123831022250886
binnenhäfe,1,0.00016123831022250886
see,1,0.00016123831022250886
luftverkehr,1,0.00016123831022250886
wettbewerbsfähig,1,0.00016123831022250886
flugverkehrsmanagement,1,0.00016123831022250886
widerstandsfähig,1,0.00016123831022250886
ordn,1,0.00016123831022250886
luftsicherheitsgebühr,1,0.00016123831022250886
sanierung,1,0.00016123831022250886
verbauen,1,0.00016123831022250886
aufmerksamkeit,1,0.00016123831022250886
exportnation,1,0.00016123831022250886
verlässlich,1,0.00016123831022250886
strategisch,1,0.00016123831022250886
personenbeförderung,1,0.00016123831022250886
mobilitätsdienst,1,0.00016123831022250886
klimagas,1,0.00016123831022250886
gesamtausstoß,1,0.00016123831022250886
deckelung,1,0.00016123831022250886
verkehrssektor,1,0.00016123831022250886
verkehrsmix,1,0.00016123831022250886
co2-emissionen,1,0.00016123831022250886
real,1,0.00016123831022250886
überarbeiten,1,0.00016123831022250886
hybridfahrzeuge,1,0.00016123831022250886
e-mobilität,1,0.00016123831022250886
bezahlstrukture,1,0.00016123831022250886
interoperabl,1,0.00016123831022250886
schnellladesäul,1,0.00016123831022250886
batterie,1,0.00016123831022250886
wasserstoff,1,0.00016123831022250886
vertreiben,1,0.00016123831022250886
antrieb,1,0.00016123831022250886
zurückgeben,1,0.00016123831022250886
firma,1,0.00016123831022250886
entwicklergeist,1,0.00016123831022250886
bevorzugen,1,0.00016123831022250886
antriebstechnologie,1,0.00016123831022250886
erkunden,1,0.00016123831022250886
mobilitätskonzept,1,0.00016123831022250886
fahrzeugbau,1,0.00016123831022250886
fortsetzen,1,0.00016123831022250886
investitionsmittel,1,0.00016123831022250886
rückkehrpflicht,1,0.00016123831022250886
papier,1,0.00016123831022250886
kunststoff,1,0.00016123831022250886
ökologie,1,0.00016123831022250886
verbinden,1,0.00016123831022250886
kaffeesatz,1,0.00016123831022250886
t-shirt,1,0.00016123831022250886
zucker,1,0.00016123831022250886
smartphone-displays,1,0.00016123831022250886
pflanze,1,0.00016123831022250886
klebstoff,1,0.00016123831022250886
rohstoff,1,0.00016123831022250886
fossil,1,0.00016123831022250886
endlichkeit,1,0.00016123831022250886
welternährung,1,0.00016123831022250886
sicherstellung,1,0.00016123831022250886
lebensgrundlage,1,0.00016123831022250886
natürlich,1,0.00016123831022250886
antwort,1,0.00016123831022250886
bioökonomie,1,0.00016123831022250886
ausweisen,1,0.00016123831022250886
freiheitszon,1,0.00016123831022250886
begünstigen,1,0.00016123831022250886
blockchain,1,0.00016123831022250886
schlüsseltechnologie,1,0.00016123831022250886
it-,1,0.00016123831022250886
cluster,1,0.00016123831022250886
entstehung,1,0.00016123831022250886
innovationsstrategie,1,0.00016123831022250886
material,1,0.00016123831022250886
glas,1,0.00016123831022250886
aufwuchs,1,0.00016123831022250886
ökobilanz,1,0.00016123831022250886
straße,1,0.00016123831022250886
konzentrieren,1,0.00016123831022250886
organisatorisch,1,0.00016123831022250886
transportieren,1,0.00016123831022250886
hingegen,1,0.00016123831022250886
verkehrslenkung,1,0.00016123831022250886
verkehrsfluss,1,0.00016123831022250886
verkehrssicherheit,1,0.00016123831022250886
emissionsstarken,1,0.00016123831022250886
durchsetzen,1,0.00016123831022250886
gefordert,1,0.00016123831022250886
scheuklappe,1,0.00016123831022250886
ideologisch,1,0.00016123831022250886
zukunftsweisend,1,0.00016123831022250886
beauftragen,1,0.00016123831022250886
space-services,1,0.00016123831022250886
startkontingent,1,0.00016123831022250886
befördern,1,0.00016123831022250886
forschungseinrichtung,1,0.00016123831022250886
institution,1,0.00016123831022250886
space,1,0.00016123831022250886
zukunftsprojekt,1,0.00016123831022250886
satellitendat,1,0.00016123831022250886
wissenschaftsbasiert,1,0.00016123831022250886
umweltwirkung,1,0.00016123831022250886
ökobilanzen,1,0.00016123831022250886
gewicht,1,0.00016123831022250886
beständig,1,0.00016123831022250886
mietwag,1,0.00016123831022250886
arbeitstage,1,0.00016123831022250886
forschungsförderung,1,0.00016123831022250886
diskriminierungsfrei,1,0.00016123831022250886
teleoperation,1,0.00016123831022250886
zeitkritisch,1,0.00016123831022250886
slicing,1,0.00016123831022250886
network,1,0.00016123831022250886
spezialdienste,1,0.00016123831022250886
qualitätsgesichert,1,0.00016123831022250886
chancengleichheit,1,0.00016123831022250886
marktzugang,1,0.00016123831022250886
unternehmung,1,0.00016123831022250886
diskriminieren,1,0.00016123831022250886
meinung,1,0.00016123831022250886
datenpaketer,1,0.00016123831022250886
netzneutralität,1,0.00016123831022250886
rechtssicherheit,1,0.00016123831022250886
binnenmarkt,1,0.00016123831022250886
rechtsrahmen,1,0.00016123831022250886
robotik,1,0.00016123831022250886
maschinell,1,0.00016123831022250886
identifizieren,1,0.00016123831022250886
zuständigkeit,1,0.00016123831022250886
fachlich,1,0.00016123831022250886
ki-anwendungsfälle,1,0.00016123831022250886
konkret,1,0.00016123831022250886
ki-roadmap,1,0.00016123831022250886
beschleunigen,1,0.00016123831022250886
nachfrageorientiert,1,0.00016123831022250886
wettbewerbsrechtlich,1,0.00016123831022250886
ressourcensparend,1,0.00016123831022250886
privathaushalt,1,0.00016123831022250886
kommunikationstechnik,1,0.00016123831022250886
elternteil,1,0.00016123831022250886
frauenanteil,1,0.00016123831022250886
ebenfalls,1,0.00016123831022250886
vorstandseben,1,0.00016123831022250886
kulturwandel,1,0.00016123831022250886
druck,1,0.00016123831022250886
gleichstellungsbericht,1,0.00016123831022250886
talentmanagement,1,0.00016123831022250886
angestellter,1,0.00016123831022250886
männlich,1,0.00016123831022250886
vergegenwärtigen,1,0.00016123831022250886
arbeitgeberinn,1,0.00016123831022250886
topsharing,1,0.00016123831022250886
jobsharing,1,0.00016123831022250886
führung,1,0.00016123831022250886
geteilt,1,0.00016123831022250886
arbeitsmodell,1,0.00016123831022250886
gleiche,1,0.00016123831022250886
vereinbarung,1,0.00016123831022250886
betreuungskoster,1,0.00016123831022250886
betreuungszeite,1,0.00016123831022250886
perspektivisch,1,0.00016123831022250886
kinderbetreuung,1,0.00016123831022250886
betriebskindergärter,1,0.00016123831022250886
nah,1,0.00016123831022250886
nächster,1,0.00016123831022250886
abwärmenutzung,1,0.00016123831022250886
hochgeschwindigkeitsnetz,1,0.00016123831022250886
gigabit-gutscheine,1,0.00016123831022250886
mindestabstand,1,0.00016123831022250886
radfahrstreife,1,0.00016123831022250886
verkehrsplanung,1,0.00016123831022250886
fortbewegung,1,0.00016123831022250886
fahrrad,1,0.00016123831022250886
fernstraße,1,0.00016123831022250886
flugplätz,1,0.00016123831022250886
hafenanlag,1,0.00016123831022250886
leistungsstark,1,0.00016123831022250886
hochgeschwindigkeits-)schienennetz,1,0.00016123831022250886
ausgebaut,1,0.00016123831022250886
vorgabe,1,0.00016123831022250886
rechtssicher,1,0.00016123831022250886
innovationsfreundlich,1,0.00016123831022250886
wachstumsfaktor,1,0.00016123831022250886
regulatorisch,1,0.00016123831022250886
teilnehmer,1,0.00016123831022250886
verkehrsteilnehmerinn,1,0.00016123831022250886
eigentlich,1,0.00016123831022250886
kostengünstig,1,0.00016123831022250886
entstehen,1,0.00016123831022250886
flugtaxis,1,0.00016123831022250886
drohne,1,0.00016123831022250886
hyperloop,1,0.00016123831022250886
hochgeschwindigkeitssystem,1,0.00016123831022250886
sprunginnovatio,1,0.00016123831022250886
fernbus,1,0.00016123831022250886
haltestelle,1,0.00016123831022250886
kilometer,1,0.00016123831022250886
radverkehr,1,0.00016123831022250886
konflikt,1,0.00016123831022250886
ausbauziel,1,0.00016123831022250886
motorisiert,1,0.00016123831022250886
controlling,1,0.00016123831022250886
auktionsdesign,1,0.00016123831022250886
abschließen,1,0.00016123831022250886
5g-netz,1,0.00016123831022250886
mobilfunktionsnetze,1,0.00016123831022250886
hochrüstung,1,0.00016123831022250886
glasfasernetz,1,0.00016123831022250886
mobilfunkmarkt,1,0.00016123831022250886
mobilfunkabdeckung,1,0.00016123831022250886
hochleistungsfähig,1,0.00016123831022250886
konsistent,1,0.00016123831022250886
tempo,1,0.00016123831022250886
ausrichten,1,0.00016123831022250886
digitalpolitik,1,0.00016123831022250886
zeitweise,1,0.00016123831022250886
erfahren,1,0.00016123831022250886
einschränkung,1,0.00016123831022250886
letztlich,1,0.00016123831022250886
profitier,1,0.00016123831022250886
bewegungsfreiheit,1,0.00016123831022250886
barrierefreiheit,1,0.00016123831022250886
kleinkrafträder,1,0.00016123831022250886
höchstgeschwindigkeit,1,0.00016123831022250886
lastkraftwag,1,0.00016123831022250886
abbiegeassistent,1,0.00016123831022250886
beschleunigt,1,0.00016123831022250886
verkehr,1,0.00016123831022250886
vornehmen,1,0.00016123831022250886
