studierend,78,0.02027027027027027
universität,66,0.017151767151767153
sollen,33,0.008575883575883576
müssen,31,0.008056133056133057
fordern,30,0.007796257796257797
gut,28,0.007276507276507277
mehr,27,0.007016632016632017
vieler,24,0.006237006237006237
uni,24,0.006237006237006237
immer,23,0.0059771309771309775
göttingen,22,0.005717255717255718
studium,21,0.005457380457380458
dabei,20,0.005197505197505198
dafür,19,0.004937629937629938
bspw.,19,0.004937629937629938
wichtig,18,0.004677754677754678
stark,17,0.004417879417879418
dürfen,17,0.004417879417879418
asta,16,0.004158004158004158
gelten,16,0.004158004158004158
ziel,14,0.0036382536382536385
lehre,14,0.0036382536382536385
international,14,0.0036382536382536385
weiterhin,14,0.0036382536382536385
möglich,13,0.0033783783783783786
mensch,13,0.0033783783783783786
angebot,13,0.0033783783783783786
einsetzen,13,0.0033783783783783786
person,13,0.0033783783783783786
stellen,12,0.0031185031185031187
gehören,12,0.0031185031185031187
sozial,12,0.0031185031185031187
bleiben,11,0.002858627858627859
politisch,11,0.002858627858627859
besonders,11,0.002858627858627859
aktuell,11,0.002858627858627859
außerdem,11,0.002858627858627859
thema,11,0.002858627858627859
unterstützen,11,0.002858627858627859
fördern,11,0.002858627858627859
geben,11,0.002858627858627859
kommen,11,0.002858627858627859
bereits,11,0.002858627858627859
deshalb,10,0.002598752598752599
schaffen,10,0.002598752598752599
weit,10,0.002598752598752599
land,10,0.002598752598752599
erhalten,10,0.002598752598752599
präsidium,10,0.002598752598752599
möglichkeit,10,0.002598752598752599
entscheidung,10,0.002598752598752599
gremium,10,0.002598752598752599
arbeit,10,0.002598752598752599
finden,9,0.002338877338877339
zentral,9,0.002338877338877339
zukunft,9,0.002338877338877339
setzen,9,0.002338877338877339
jahr,9,0.002338877338877339
jedoch,9,0.002338877338877339
brauchen,9,0.002338877338877339
ausbauen,8,0.002079002079002079
rahmen,8,0.002079002079002079
gruppe,8,0.002079002079002079
bereich,8,0.002079002079002079
fach,8,0.002079002079002079
möchten,8,0.002079002079002079
zeigen,8,0.002079002079002079
stehen,8,0.002079002079002079
stadt,8,0.002079002079002079
finanziell,8,0.002079002079002079
neu,8,0.002079002079002079
groß,8,0.002079002079002079
fakultät,8,0.002079002079002079
zeit,7,0.0018191268191268192
kritisch,7,0.0018191268191268192
wissenschaft,7,0.0018191268191268192
ermöglichen,7,0.0018191268191268192
studentisch,7,0.0018191268191268192
zudem,7,0.0018191268191268192
zusätzlich,7,0.0018191268191268192
klar,7,0.0018191268191268192
bekommen,7,0.0018191268191268192
geld,7,0.0018191268191268192
senat,7,0.0018191268191268192
teil,7,0.0018191268191268192
verfügung,7,0.0018191268191268192
stärken,7,0.0018191268191268192
treffen,7,0.0018191268191268192
statt,7,0.0018191268191268192
demokratisch,7,0.0018191268191268192
innen,7,0.0018191268191268192
nachhaltigkeit,7,0.0018191268191268192
klimaschutz,6,0.0015592515592515593
nehmen,6,0.0015592515592515593
daher,6,0.0015592515592515593
nordcampus,6,0.0015592515592515593
vertreten,6,0.0015592515592515593
finta,6,0.0015592515592515593
selbstverwaltung,6,0.0015592515592515593
umsetzen,6,0.0015592515592515593
ebene,6,0.0015592515592515593
gerade,6,0.0015592515592515593
zusammenarbeit,6,0.0015592515592515593
fall,6,0.0015592515592515593
finanzieren,6,0.0015592515592515593
juso-hochschulgruppe,6,0.0015592515592515593
mittel,6,0.0015592515592515593
stelle,6,0.0015592515592515593
hürde,6,0.0015592515592515593
akademisch,6,0.0015592515592515593
maßnahme,6,0.0015592515592515593
helfen,6,0.0015592515592515593
forschung,6,0.0015592515592515593
universitär,6,0.0015592515592515593
ausbau,5,0.0012993762993762994
einzeln,5,0.0012993762993762994
beschluß,5,0.0012993762993762994
verbesserung,5,0.0012993762993762994
gering,5,0.0012993762993762994
sogar,5,0.0012993762993762994
campus,5,0.0012993762993762994
ordnung,5,0.0012993762993762994
abbauen,5,0.0012993762993762994
hochschulpolitik,5,0.0012993762993762994
umsetzung,5,0.0012993762993762994
trotz,5,0.0012993762993762994
kind,5,0.0012993762993762994
schließlich,5,0.0012993762993762994
sehen,5,0.0012993762993762994
ganz,5,0.0012993762993762994
barrierefreiheit,5,0.0012993762993762994
digital,5,0.0012993762993762994
gehen,5,0.0012993762993762994
form,5,0.0012993762993762994
darstellen,5,0.0012993762993762994
ort,5,0.0012993762993762994
leben,5,0.0012993762993762994
leisten,5,0.0012993762993762994
einrichtung,5,0.0012993762993762994
lassen,5,0.0012993762993762994
ändern,5,0.0012993762993762994
gerecht,5,0.0012993762993762994
diverser,5,0.0012993762993762994
neben,5,0.0012993762993762994
bildung,5,0.0012993762993762994
gesellschaft,5,0.0012993762993762994
lernen,5,0.0012993762993762994
endlich,5,0.0012993762993762994
hoch,5,0.0012993762993762994
festlegen,4,0.0010395010395010396
wer,4,0.0010395010395010396
aktiv,4,0.0010395010395010396
künftig,4,0.0010395010395010396
opfer,4,0.0010395010395010396
interesse,4,0.0010395010395010396
breit,4,0.0010395010395010396
zumindest,4,0.0010395010395010396
anspruch,4,0.0010395010395010396
krise,4,0.0010395010395010396
blick,4,0.0010395010395010396
mehrheit,4,0.0010395010395010396
spät,4,0.0010395010395010396
allerdings,4,0.0010395010395010396
diskutieren,4,0.0010395010395010396
wirklich,4,0.0010395010395010396
prozess,4,0.0010395010395010396
deutlich,4,0.0010395010395010396
eigen,4,0.0010395010395010396
höhe,4,0.0010395010395010396
sowie,4,0.0010395010395010396
beratungsangebot,4,0.0010395010395010396
studierendenwerk,4,0.0010395010395010396
antifaschistisch,4,0.0010395010395010396
erreichen,4,0.0010395010395010396
exzellenzinitiative,4,0.0010395010395010396
hochschulgruppe,4,0.0010395010395010396
gleichzeitig,4,0.0010395010395010396
dar,4,0.0010395010395010396
etwa,4,0.0010395010395010396
bestehend,4,0.0010395010395010396
fehlen,4,0.0010395010395010396
erster,4,0.0010395010395010396
umfassend,4,0.0010395010395010396
programm,4,0.0010395010395010396
ausreichend,4,0.0010395010395010396
sorgen,4,0.0010395010395010396
tragen,4,0.0010395010395010396
studieren,4,0.0010395010395010396
woche,4,0.0010395010395010396
gemeinschaft,4,0.0010395010395010396
wissenschaftlich,4,0.0010395010395010396
daneben,4,0.0010395010395010396
kosten,4,0.0010395010395010396
konzept,4,0.0010395010395010396
projekt,4,0.0010395010395010396
oft,4,0.0010395010395010396
juso,4,0.0010395010395010396
konsequent,4,0.0010395010395010396
gebäude,4,0.0010395010395010396
solidarisch,4,0.0010395010395010396
landesregierung,4,0.0010395010395010396
daran,4,0.0010395010395010396
ebenfalls,4,0.0010395010395010396
preis,4,0.0010395010395010396
betreffen,4,0.0010395010395010396
erfolgen,4,0.0010395010395010396
o-woche,4,0.0010395010395010396
hochschule,4,0.0010395010395010396
initiative,4,0.0010395010395010396
grund,4,0.0010395010395010396
kaum,4,0.0010395010395010396
darüber,4,0.0010395010395010396
hinaus,4,0.0010395010395010396
zwei,4,0.0010395010395010396
ökologisch,4,0.0010395010395010396
direkt,4,0.0010395010395010396
diskriminierung,4,0.0010395010395010396
wissen,3,0.0007796257796257797
verhindern,3,0.0007796257796257797
frage,3,0.0007796257796257797
sicherstellen,3,0.0007796257796257797
lsg,3,0.0007796257796257797
streichung,3,0.0007796257796257797
schlimm,3,0.0007796257796257797
verbringen,3,0.0007796257796257797
punkt,3,0.0007796257796257797
häufig,3,0.0007796257796257797
berufung,3,0.0007796257796257797
letzter,3,0.0007796257796257797
bezahlbar,3,0.0007796257796257797
erhalt,3,0.0007796257796257797
sparmaßnahme,3,0.0007796257796257797
druck,3,0.0007796257796257797
selbstverständlich,3,0.0007796257796257797
informieren,3,0.0007796257796257797
koalitionsvertrag,3,0.0007796257796257797
lage,3,0.0007796257796257797
professoral,3,0.0007796257796257797
anerkennen,3,0.0007796257796257797
zählen,3,0.0007796257796257797
sogenannter,3,0.0007796257796257797
sinn,3,0.0007796257796257797
bemühung,3,0.0007796257796257797
bevor,3,0.0007796257796257797
widmen,3,0.0007796257796257797
einkommen,3,0.0007796257796257797
vizepräsidentschaft,3,0.0007796257796257797
professor*\innen,3,0.0007796257796257797
anteil,3,0.0007796257796257797
obwohl,3,0.0007796257796257797
frau,3,0.0007796257796257797
studierendenschaft,3,0.0007796257796257797
sexuell,3,0.0007796257796257797
sowohl,3,0.0007796257796257797
gewalt,3,0.0007796257796257797
dauerhaft,3,0.0007796257796257797
struktur,3,0.0007796257796257797
wert,3,0.0007796257796257797
demokratie,3,0.0007796257796257797
barrierefrei,3,0.0007796257796257797
finanzierung,3,0.0007796257796257797
gemeinsam,3,0.0007796257796257797
transformation,3,0.0007796257796257797
lösung,3,0.0007796257796257797
vegetarisch,3,0.0007796257796257797
verfügen,3,0.0007796257796257797
schon,3,0.0007796257796257797
klimawandel,3,0.0007796257796257797
credit,3,0.0007796257796257797
stimme,3,0.0007796257796257797
verstehen,3,0.0007796257796257797
vorantreiben,3,0.0007796257796257797
diversität,3,0.0007796257796257797
angehörige,3,0.0007796257796257797
augenhöhe,3,0.0007796257796257797
anfang,3,0.0007796257796257797
module,3,0.0007796257796257797
anschließend,3,0.0007796257796257797
sodass,3,0.0007796257796257797
angekündigt,3,0.0007796257796257797
aufgrund,3,0.0007796257796257797
nachhaltig,3,0.0007796257796257797
seite,3,0.0007796257796257797
fast,3,0.0007796257796257797
studentenwerk,3,0.0007796257796257797
ökologie,3,0.0007796257796257797
seit,3,0.0007796257796257797
mensa,3,0.0007796257796257797
vorhaben,3,0.0007796257796257797
kurz,3,0.0007796257796257797
insgesamt,3,0.0007796257796257797
belang,3,0.0007796257796257797
schritt,3,0.0007796257796257797
nächster,3,0.0007796257796257797
langfristig,3,0.0007796257796257797
bieten,3,0.0007796257796257797
bafög,3,0.0007796257796257797
streben,3,0.0007796257796257797
amt,3,0.0007796257796257797
verwaltung,3,0.0007796257796257797
innerhalb,3,0.0007796257796257797
studiengäng,3,0.0007796257796257797
beschäftigter,3,0.0007796257796257797
vorhanden,3,0.0007796257796257797
veranstaltung,3,0.0007796257796257797
echt,3,0.0007796257796257797
beispielsweise,3,0.0007796257796257797
deswegen,3,0.0007796257796257797
sparen,3,0.0007796257796257797
eur,3,0.0007796257796257797
wenig,3,0.0007796257796257797
angestellter,3,0.0007796257796257797
angemessen,3,0.0007796257796257797
ende,3,0.0007796257796257797
solange,3,0.0007796257796257797
schützen,3,0.0007796257796257797
prüfungsleistung,3,0.0007796257796257797
konsequenz,3,0.0007796257796257797
natürlich,3,0.0007796257796257797
erfahrung,3,0.0007796257796257797
abschaffung,3,0.0007796257796257797
verbindlich,3,0.0007796257796257797
vollständig,3,0.0007796257796257797
meist,3,0.0007796257796257797
einführen,3,0.0007796257796257797
etablieren,3,0.0007796257796257797
starten,3,0.0007796257796257797
laufend,3,0.0007796257796257797
verdienen,3,0.0007796257796257797
austausch,3,0.0007796257796257797
voll,3,0.0007796257796257797
weder,3,0.0007796257796257797
fair,3,0.0007796257796257797
abschaffen,3,0.0007796257796257797
rechtsextrem,2,0.0005197505197505198
inhalt,2,0.0005197505197505198
entsprechend,2,0.0005197505197505198
klimagerecht,2,0.0005197505197505198
ausgestalten,2,0.0005197505197505198
gewalttat,2,0.0005197505197505198
beitrag,2,0.0005197505197505198
steigen,2,0.0005197505197505198
dringend,2,0.0005197505197505198
neubaute,2,0.0005197505197505198
sanierung,2,0.0005197505197505198
weniger,2,0.0005197505197505198
zahl,2,0.0005197505197505198
persönlich,2,0.0005197505197505198
auskömmlich,2,0.0005197505197505198
recht,2,0.0005197505197505198
allgemein,2,0.0005197505197505198
burschenschaft,2,0.0005197505197505198
sichern,2,0.0005197505197505198
internationals,2,0.0005197505197505198
tatsache,2,0.0005197505197505198
englisch,2,0.0005197505197505198
polizei,2,0.0005197505197505198
niedersächsisch,2,0.0005197505197505198
bisher,2,0.0005197505197505198
aufhören,2,0.0005197505197505198
fest,2,0.0005197505197505198
organisieren,2,0.0005197505197505198
festigen,2,0.0005197505197505198
zugänglich,2,0.0005197505197505198
qualität,2,0.0005197505197505198
stud,2,0.0005197505197505198
mehrere,2,0.0005197505197505198
wohnraum,2,0.0005197505197505198
präsident,2,0.0005197505197505198
weshalb,2,0.0005197505197505198
ausländisch,2,0.0005197505197505198
mitwirkung,2,0.0005197505197505198
stein,2,0.0005197505197505198
information,2,0.0005197505197505198
angst,2,0.0005197505197505198
davon,2,0.0005197505197505198
feld,2,0.0005197505197505198
pro,2,0.0005197505197505198
diskriminierend,2,0.0005197505197505198
inklusive,2,0.0005197505197505198
nicht-weiße,2,0.0005197505197505198
bundesregierung,2,0.0005197505197505198
erträglich,2,0.0005197505197505198
repräsentieren,2,0.0005197505197505198
anstatt,2,0.0005197505197505198
prüfung,2,0.0005197505197505198
nie,2,0.0005197505197505198
überall,2,0.0005197505197505198
evaluation,2,0.0005197505197505198
egal,2,0.0005197505197505198
pandemie,2,0.0005197505197505198
politik,2,0.0005197505197505198
verantwortliche,2,0.0005197505197505198
attraktiv,2,0.0005197505197505198
mitwirken,2,0.0005197505197505198
priorität,2,0.0005197505197505198
rücksichtnahme,2,0.0005197505197505198
urlaubssemester,2,0.0005197505197505198
alternativ,2,0.0005197505197505198
regime,2,0.0005197505197505198
gefühl,2,0.0005197505197505198
lageplan,2,0.0005197505197505198
wahrnehmen,2,0.0005197505197505198
stellung,2,0.0005197505197505198
beantragung,2,0.0005197505197505198
menstruationsprodukt,2,0.0005197505197505198
ebendieser,2,0.0005197505197505198
wann,2,0.0005197505197505198
betrachten,2,0.0005197505197505198
flinta,2,0.0005197505197505198
alt,2,0.0005197505197505198
vordergrund,2,0.0005197505197505198
dokumentieren,2,0.0005197505197505198
nordmensa,2,0.0005197505197505198
lebensabschnitt,2,0.0005197505197505198
kurs,2,0.0005197505197505198
geschlecht,2,0.0005197505197505198
mittelbau,2,0.0005197505197505198
hsg,2,0.0005197505197505198
kooperation,2,0.0005197505197505198
soweit,2,0.0005197505197505198
landesebene,2,0.0005197505197505198
explizit,2,0.0005197505197505198
rot-grün,2,0.0005197505197505198
forderung,2,0.0005197505197505198
zuletzt,2,0.0005197505197505198
tarifvertrag,2,0.0005197505197505198
privilegiert,2,0.0005197505197505198
einfluss,2,0.0005197505197505198
behandeln,2,0.0005197505197505198
umbenennung,2,0.0005197505197505198
lehrpreis,2,0.0005197505197505198
öffnen,2,0.0005197505197505198
vergangenheit,2,0.0005197505197505198
alleine,2,0.0005197505197505198
energie,2,0.0005197505197505198
voranbringen,2,0.0005197505197505198
noether,2,0.0005197505197505198
emmy,2,0.0005197505197505198
repräsentation,2,0.0005197505197505198
stellenwert,2,0.0005197505197505198
workshop,2,0.0005197505197505198
liegen,2,0.0005197505197505198
regelmäßig,2,0.0005197505197505198
ca.,2,0.0005197505197505198
benachteiligen,2,0.0005197505197505198
leitungsebene,2,0.0005197505197505198
inklusiv,2,0.0005197505197505198
bzw.,2,0.0005197505197505198
kampf,2,0.0005197505197505198
offenstehen,2,0.0005197505197505198
einbeziehen,2,0.0005197505197505198
sprache,2,0.0005197505197505198
genug,2,0.0005197505197505198
deutschland,2,0.0005197505197505198
juso-hsg,2,0.0005197505197505198
anrechenbar,2,0.0005197505197505198
geschichte,2,0.0005197505197505198
knüpfen,2,0.0005197505197505198
name,2,0.0005197505197505198
beratung,2,0.0005197505197505198
faschist,2,0.0005197505197505198
drängen,2,0.0005197505197505198
bedeutung,2,0.0005197505197505198
richtlinie,2,0.0005197505197505198
perspektive,2,0.0005197505197505198
kompensation,2,0.0005197505197505198
betroffener,2,0.0005197505197505198
bund,2,0.0005197505197505198
klein,2,0.0005197505197505198
auslandssemester,2,0.0005197505197505198
begleiten,2,0.0005197505197505198
insbesondere,2,0.0005197505197505198
somit,2,0.0005197505197505198
entwicklung,2,0.0005197505197505198
rechter,2,0.0005197505197505198
wachsen,2,0.0005197505197505198
massiv,2,0.0005197505197505198
aufwand,2,0.0005197505197505198
aufgabe,2,0.0005197505197505198
senken,2,0.0005197505197505198
semester,2,0.0005197505197505198
versuchen,2,0.0005197505197505198
klima,2,0.0005197505197505198
sexualisiert,2,0.0005197505197505198
raum,2,0.0005197505197505198
halt,2,0.0005197505197505198
national,2,0.0005197505197505198
gewährleisten,2,0.0005197505197505198
referat,2,0.0005197505197505198
fachfremd,2,0.0005197505197505198
optimal,2,0.0005197505197505198
institution,2,0.0005197505197505198
antidiskriminierungsstelle,2,0.0005197505197505198
autoritär,2,0.0005197505197505198
kriminalisieren,2,0.0005197505197505198
flexibel,2,0.0005197505197505198
klassisch,2,0.0005197505197505198
betreiben,2,0.0005197505197505198
hintergrund,2,0.0005197505197505198
offiziell,2,0.0005197505197505198
sitzung,2,0.0005197505197505198
arbeiten,2,0.0005197505197505198
stets,2,0.0005197505197505198
eng,2,0.0005197505197505198
beteiligung,2,0.0005197505197505198
lehnen,2,0.0005197505197505198
sqk,2,0.0005197505197505198
gestalten,2,0.0005197505197505198
pflegen,2,0.0005197505197505198
vertreter*\inn,2,0.0005197505197505198
ausspielen,2,0.0005197505197505198
verknappung,2,0.0005197505197505198
mense,2,0.0005197505197505198
vielzahl,2,0.0005197505197505198
klimakrise,2,0.0005197505197505198
besonderer,2,0.0005197505197505198
treten,2,0.0005197505197505198
situation,2,0.0005197505197505198
gegeneinander,2,0.0005197505197505198
verschieden,2,0.0005197505197505198
bestehen,2,0.0005197505197505198
standort,2,0.0005197505197505198
lebensrealität,2,0.0005197505197505198
bemühen,2,0.0005197505197505198
anlegen,2,0.0005197505197505198
energiekris,2,0.0005197505197505198
fallen,2,0.0005197505197505198
heizen,2,0.0005197505197505198
prekär,2,0.0005197505197505198
gremienarbeit,2,0.0005197505197505198
betroffen,2,0.0005197505197505198
kfkn,2,0.0005197505197505198
meinung,2,0.0005197505197505198
lehrend,2,0.0005197505197505198
eindrücklich,2,0.0005197505197505198
steigend,2,0.0005197505197505198
daraus,2,0.0005197505197505198
treiben,2,0.0005197505197505198
fehlend,2,0.0005197505197505198
darauf,2,0.0005197505197505198
nutzen,2,0.0005197505197505198
stattdessen,2,0.0005197505197505198
seminar,2,0.0005197505197505198
trotzdem,2,0.0005197505197505198
einbinden,2,0.0005197505197505198
unipräsidium,2,0.0005197505197505198
regelstudienzeit,2,0.0005197505197505198
weise,2,0.0005197505197505198
erfolg,2,0.0005197505197505198
entlasten,2,0.0005197505197505198
einbindung,2,0.0005197505197505198
studienqualitätsmittel,2,0.0005197505197505198
geflüchtet,2,0.0005197505197505198
herausforderung,2,0.0005197505197505198
zess,2,0.0005197505197505198
kämmerlein,2,0.0005197505197505198
gericht,2,0.0005197505197505198
außen,2,0.0005197505197505198
engagement,2,0.0005197505197505198
infrastruktur,2,0.0005197505197505198
kinderbetreuung,2,0.0005197505197505198
stunde,2,0.0005197505197505198
studienangebot,2,0.0005197505197505198
ressource,2,0.0005197505197505198
unabhängig,2,0.0005197505197505198
fächerübergreifend,2,0.0005197505197505198
literatur,2,0.0005197505197505198
studienqualität,2,0.0005197505197505198
umgang,2,0.0005197505197505198
anbieten,2,0.0005197505197505198
nachhaltigkeitsaspekt,2,0.0005197505197505198
denken,2,0.0005197505197505198
studierende,2,0.0005197505197505198
freiraum,2,0.0005197505197505198
voraussetzung,2,0.0005197505197505198
vegan,2,0.0005197505197505198
zunächst,2,0.0005197505197505198
bringen,2,0.0005197505197505198
verteilen,2,0.0005197505197505198
stupa,2,0.0005197505197505198
grün,2,0.0005197505197505198
still,2,0.0005197505197505198
studienbedingung,2,0.0005197505197505198
zahlung,2,0.0005197505197505198
glauben,2,0.0005197505197505198
anlage,2,0.0005197505197505198
veröffentlichung,2,0.0005197505197505198
welt,2,0.0005197505197505198
unbürokratisch,2,0.0005197505197505198
funktionieren,2,0.0005197505197505198
lehrangebot,2,0.0005197505197505198
profitieren,2,0.0005197505197505198
verbessern,2,0.0005197505197505198
grundlage,2,0.0005197505197505198
sozial-ökologisch,2,0.0005197505197505198
kämpfen,2,0.0005197505197505198
kraft,2,0.0005197505197505198
akteur*\innen,1,0.0002598752598752599
schnellen,1,0.0002598752598752599
entgegenwirken,1,0.0002598752598752599
erhöht,1,0.0002598752598752599
anrechnen,1,0.0002598752598752599
turm,1,0.0002598752598752599
vorgeschlagen,1,0.0002598752598752599
aufmerksamkeit,1,0.0002598752598752599
schlüsselqualifikation,1,0.0002598752598752599
strategieprozess,1,0.0002598752598752599
verwenden,1,0.0002598752598752599
politisch-wissenschaftlich,1,0.0002598752598752599
unverständlich,1,0.0002598752598752599
unkritisch,1,0.0002598752598752599
produkt,1,0.0002598752598752599
burschenschaften,1,0.0002598752598752599
ersties,1,0.0002598752598752599
bühne,1,0.0002598752598752599
mitorganisator*\inne,1,0.0002598752598752599
einflussnahme,1,0.0002598752598752599
auftreten,1,0.0002598752598752599
aufklären,1,0.0002598752598752599
befassen,1,0.0002598752598752599
auslaufen,1,0.0002598752598752599
regional,1,0.0002598752598752599
campuswoche,1,0.0002598752598752599
warnen,1,0.0002598752598752599
wählen,1,0.0002598752598752599
technisch,1,0.0002598752598752599
ns-vergangenheit,1,0.0002598752598752599
verfolgen,1,0.0002598752598752599
fraglich,1,0.0002598752598752599
strategieprozes,1,0.0002598752598752599
pflichtmodul,1,0.0002598752598752599
schröder,1,0.0002598752598752599
ehrendoktorwürde,1,0.0002598752598752599
wettbewerb,1,0.0002598752598752599
formal,1,0.0002598752598752599
bereitschaft,1,0.0002598752598752599
einführung,1,0.0002598752598752599
konkurrenz,1,0.0002598752598752599
danach,1,0.0002598752598752599
stecken,1,0.0002598752598752599
ausdrücklich,1,0.0002598752598752599
aufmerksam,1,0.0002598752598752599
gerhard,1,0.0002598752598752599
bewusster,1,0.0002598752598752599
belohnen,1,0.0002598752598752599
diesmal,1,0.0002598752598752599
belegbar,1,0.0002598752598752599
positionieren,1,0.0002598752598752599
aberkannen,1,0.0002598752598752599
überholen,1,0.0002598752598752599
kriterium,1,0.0002598752598752599
verleih,1,0.0002598752598752599
leuchtturmprojekt,1,0.0002598752598752599
aberkennung,1,0.0002598752598752599
breite,1,0.0002598752598752599
ehre,1,0.0002598752598752599
wünschen,1,0.0002598752598752599
kontroverse,1,0.0002598752598752599
jeweilig,1,0.0002598752598752599
studiengänge,1,0.0002598752598752599
disziplin,1,0.0002598752598752599
pflichtinhalt,1,0.0002598752598752599
einzug,1,0.0002598752598752599
studierendenbeteiligung,1,0.0002598752598752599
curricula,1,0.0002598752598752599
themenblock,1,0.0002598752598752599
themengebiet,1,0.0002598752598752599
transparenz,1,0.0002598752598752599
ethik,1,0.0002598752598752599
kommend,1,0.0002598752598752599
oecologicum,1,0.0002598752598752599
kooperationsverbot,1,0.0002598752598752599
elitenförderung,1,0.0002598752598752599
afd-nahen,1,0.0002598752598752599
erlassen,1,0.0002598752598752599
desiderius-erasmus-stiftung,1,0.0002598752598752599
leitbild,1,0.0002598752598752599
prüfen,1,0.0002598752598752599
keinerlei,1,0.0002598752598752599
grundsätzlich,1,0.0002598752598752599
stipendi,1,0.0002598752598752599
tranparenz,1,0.0002598752598752599
kooperationspartner*\innen,1,0.0002598752598752599
freiwillig,1,0.0002598752598752599
staat,1,0.0002598752598752599
offenlegen,1,0.0002598752598752599
verbot,1,0.0002598752598752599
streng,1,0.0002598752598752599
umabdingbar,1,0.0002598752598752599
vorgehen,1,0.0002598752598752599
vortrag,1,0.0002598752598752599
gespräch,1,0.0002598752598752599
bezug,1,0.0002598752598752599
haltung,1,0.0002598752598752599
extremist,1,0.0002598752598752599
heimtückisch,1,0.0002598752598752599
völkerrechtswidrig,1,0.0002598752598752599
angriff,1,0.0002598752598752599
russlands,1,0.0002598752598752599
ukraine,1,0.0002598752598752599
iranisch,1,0.0002598752598752599
funktionsträger*\innen,1,0.0002598752598752599
wissenschaftler*\innen,1,0.0002598752598752599
protestierend,1,0.0002598752598752599
öffentlichkeit,1,0.0002598752598752599
ultrarecht,1,0.0002598752598752599
bereit,1,0.0002598752598752599
lässt,1,0.0002598752598752599
erstmal,1,0.0002598752598752599
macht,1,0.0002598752598752599
zusammenarbeiten,1,0.0002598752598752599
klimabewegung,1,0.0002598752598752599
ärzt*\in,1,0.0002598752598752599
biographie,1,0.0002598752598752599
herrschaft,1,0.0002598752598752599
pädagog*\inn,1,0.0002598752598752599
karriere,1,0.0002598752598752599
festhalten,1,0.0002598752598752599
anklage,1,0.0002598752598752599
wahrheit,1,0.0002598752598752599
normal,1,0.0002598752598752599
neuausrichtung,1,0.0002598752598752599
traurig,1,0.0002598752598752599
beschäftigung,1,0.0002598752598752599
arbeitnehmer*\inne,1,0.0002598752598752599
last,1,0.0002598752598752599
moderner,1,0.0002598752598752599
klimaschutzprojekt,1,0.0002598752598752599
weltweit,1,0.0002598752598752599
bes,1,0.0002598752598752599
arbeitsplatz,1,0.0002598752598752599
außergewöhnlich,1,0.0002598752598752599
marginalisierung,1,0.0002598752598752599
präsent,1,0.0002598752598752599
verbrauchen,1,0.0002598752598752599
beste,1,0.0002598752598752599
homeoffice,1,0.0002598752598752599
spitzenforscher*\inne,1,0.0002598752598752599
initiativenförderung,1,0.0002598752598752599
anstreben,1,0.0002598752598752599
zivilgesellschaft,1,0.0002598752598752599
unmittelbar,1,0.0002598752598752599
antifaschismus,1,0.0002598752598752599
faschismus,1,0.0002598752598752599
entfalten,1,0.0002598752598752599
aktivistisch,1,0.0002598752598752599
grundhaltung,1,0.0002598752598752599
praxis,1,0.0002598752598752599
selbstverständlichkeit,1,0.0002598752598752599
potenzial,1,0.0002598752598752599
aufdeckung,1,0.0002598752598752599
putsch,1,0.0002598752598752599
erfolgt,1,0.0002598752598752599
ködern,1,0.0002598752598752599
eventuell,1,0.0002598752598752599
sonstig,1,0.0002598752598752599
querdenker,1,0.0002598752598752599
asphalt,1,0.0002598752598752599
großteil,1,0.0002598752598752599
baum,1,0.0002598752598752599
öffentlich,1,0.0002598752598752599
beziehen,1,0.0002598752598752599
erinnerungskultur,1,0.0002598752598752599
grünfläche,1,0.0002598752598752599
real,1,0.0002598752598752599
existent,1,0.0002598752598752599
faschistisch,1,0.0002598752598752599
gewaltherrschaft,1,0.0002598752598752599
geltung,1,0.0002598752598752599
mitnimmen,1,0.0002598752598752599
umstellen,1,0.0002598752598752599
aufrechterhalten,1,0.0002598752598752599
café,1,0.0002598752598752599
bestimmt,1,0.0002598752598752599
gruppenbezogen,1,0.0002598752598752599
menschenfeindlichkeit,1,0.0002598752598752599
dulden,1,0.0002598752598752599
z.b.,1,0.0002598752598752599
polbil,1,0.0002598752598752599
hierzu,1,0.0002598752598752599
gedenkstättenfahrte,1,0.0002598752598752599
wahl,1,0.0002598752598752599
beschichtung,1,0.0002598752598752599
anschlagsplän,1,0.0002598752598752599
verdecken,1,0.0002598752598752599
netzwerken,1,0.0002598752598752599
bundeswehr,1,0.0002598752598752599
verdeutlichen,1,0.0002598752598752599
hierzulande,1,0.0002598752598752599
umsturz,1,0.0002598752598752599
vielversprechend,1,0.0002598752598752599
entfernen,1,0.0002598752598752599
altbekannt,1,0.0002598752598752599
nazi,1,0.0002598752598752599
aussichtsreich,1,0.0002598752598752599
umgebung,1,0.0002598752598752599
bilden,1,0.0002598752598752599
umwelt,1,0.0002598752598752599
ohnehin,1,0.0002598752598752599
tier,1,0.0002598752598752599
forschungsgebiete,1,0.0002598752598752599
anstoßen,1,0.0002598752598752599
aufhellen,1,0.0002598752598752599
einstieg,1,0.0002598752598752599
völkisch,1,0.0002598752598752599
begrünungsmaßnahme,1,0.0002598752598752599
gedankengut,1,0.0002598752598752599
günstig,1,0.0002598752598752599
blumenbeete,1,0.0002598752598752599
zimmer,1,0.0002598752598752599
bunt,1,0.0002598752598752599
versprechen,1,0.0002598752598752599
definieren,1,0.0002598752598752599
verantwortung,1,0.0002598752598752599
leicht,1,0.0002598752598752599
verleihen,1,0.0002598752598752599
grotesk,1,0.0002598752598752599
andererseits,1,0.0002598752598752599
eigenständig,1,0.0002598752598752599
einerseits,1,0.0002598752598752599
abteilung,1,0.0002598752598752599
befähigen,1,0.0002598752598752599
verschuldet,1,0.0002598752598752599
hochschulgesetz,1,0.0002598752598752599
fakultätsrät,1,0.0002598752598752599
bewilligungsrahm,1,0.0002598752598752599
verlängerung,1,0.0002598752598752599
gehör,1,0.0002598752598752599
grundsatz,1,0.0002598752598752599
fördermittel,1,0.0002598752598752599
verteidigen,1,0.0002598752598752599
schuldenschnitt,1,0.0002598752598752599
wagen,1,0.0002598752598752599
widerspruch,1,0.0002598752598752599
diskurs,1,0.0002598752598752599
sitzen,1,0.0002598752598752599
sitz,1,0.0002598752598752599
professorinne,1,0.0002598752598752599
scheinen,1,0.0002598752598752599
verhandeln,1,0.0002598752598752599
fehler,1,0.0002598752598752599
unzureichend,1,0.0002598752598752599
sichtweise,1,0.0002598752598752599
controlling,1,0.0002598752598752599
verteilung,1,0.0002598752598752599
zumeist,1,0.0002598752598752599
paritätisch,1,0.0002598752598752599
exklusiv,1,0.0002598752598752599
quasi,1,0.0002598752598752599
senatskommission,1,0.0002598752598752599
gegenüber,1,0.0002598752598752599
professorinn,1,0.0002598752598752599
sieben,1,0.0002598752598752599
mitarbeitend,1,0.0002598752598752599
einbeziehung,1,0.0002598752598752599
gezielt,1,0.0002598752598752599
positionierung,1,0.0002598752598752599
heimisch,1,0.0002598752598752599
freiheit,1,0.0002598752598752599
haltbar,1,0.0002598752598752599
sicher,1,0.0002598752598752599
stammen,1,0.0002598752598752599
iran,1,0.0002598752598752599
china,1,0.0002598752598752599
stattfinden,1,0.0002598752598752599
regierung,1,0.0002598752598752599
ecke,1,0.0002598752598752599
forschender,1,0.0002598752598752599
erfordern,1,0.0002598752598752599
end,1,0.0002598752598752599
ausweiten,1,0.0002598752598752599
unterstützungsangebot,1,0.0002598752598752599
innovativ,1,0.0002598752598752599
zustand,1,0.0002598752598752599
zugestehen,1,0.0002598752598752599
partizipativ,1,0.0002598752598752599
verfügbar,1,0.0002598752598752599
aufholen,1,0.0002598752598752599
unverzichtbar,1,0.0002598752598752599
erreichung,1,0.0002598752598752599
internationalisierungsstrategie,1,0.0002598752598752599
aufstellung,1,0.0002598752598752599
hilfe,1,0.0002598752598752599
entweder,1,0.0002598752598752599
erweisen,1,0.0002598752598752599
all,1,0.0002598752598752599
zielführend,1,0.0002598752598752599
zuständigkeitsbereich,1,0.0002598752598752599
verlagerung,1,0.0002598752598752599
auflösung,1,0.0002598752598752599
wiedereinrichtung,1,0.0002598752598752599
behalten,1,0.0002598752598752599
internationalisierung,1,0.0002598752598752599
vorhinein,1,0.0002598752598752599
studienqualitätskommission,1,0.0002598752598752599
absprechen,1,0.0002598752598752599
ernst,1,0.0002598752598752599
befragung,1,0.0002598752598752599
tagesordnungspunkt,1,0.0002598752598752599
zugetragen,1,0.0002598752598752599
mitbestimmung,1,0.0002598752598752599
verpflichten,1,0.0002598752598752599
verhandlungsgruppe,1,0.0002598752598752599
kommunikation,1,0.0002598752598752599
sorge,1,0.0002598752598752599
neutralitätsverpflichtung,1,0.0002598752598752599
professor*\inn,1,0.0002598752598752599
tipp,1,0.0002598752598752599
uni-ebene,1,0.0002598752598752599
erläutern,1,0.0002598752598752599
mitarbeiter*\innen,1,0.0002598752598752599
genau,1,0.0002598752598752599
kommunizieren,1,0.0002598752598752599
campusgrenz,1,0.0002598752598752599
trennung,1,0.0002598752598752599
interessengruppe,1,0.0002598752598752599
gar,1,0.0002598752598752599
eintreten,1,0.0002598752598752599
gewählt,1,0.0002598752598752599
mündig,1,0.0002598752598752599
lauten,1,0.0002598752598752599
angesammelt,1,0.0002598752598752599
mitmachangebote,1,0.0002598752598752599
niedrigschwellig,1,0.0002598752598752599
einzurichtend,1,0.0002598752598752599
senatssitzung,1,0.0002598752598752599
allgemeinpolitisch,1,0.0002598752598752599
mandat,1,0.0002598752598752599
astas,1,0.0002598752598752599
asta.,1,0.0002598752598752599
studitheme,1,0.0002598752598752599
beschränken,1,0.0002598752598752599
einzubinden,1,0.0002598752598752599
verringerung,1,0.0002598752598752599
schließen,1,0.0002598752598752599
ideenwettbewerb,1,0.0002598752598752599
abgesessen,1,0.0002598752598752599
senatssprecher*\in,1,0.0002598752598752599
der*\d,1,0.0002598752598752599
grundordnung,1,0.0002598752598752599
änderung,1,0.0002598752598752599
modul,1,0.0002598752598752599
verbinden,1,0.0002598752598752599
anmelden,1,0.0002598752598752599
ergänzen,1,0.0002598752598752599
nicht-professoral,1,0.0002598752598752599
zusammensetzung,1,0.0002598752598752599
anliegen,1,0.0002598752598752599
gleichwertig,1,0.0002598752598752599
eigentlich,1,0.0002598752598752599
abstimmen,1,0.0002598752598752599
formell,1,0.0002598752598752599
stützen,1,0.0002598752598752599
vizepräsident*\innen,1,0.0002598752598752599
enden,1,0.0002598752598752599
eingeplanen,1,0.0002598752598752599
transparenter,1,0.0002598752598752599
arbeitszeit,1,0.0002598752598752599
erfahren,1,0.0002598752598752599
zeitung,1,0.0002598752598752599
anrecht,1,0.0002598752598752599
mitarbeitende,1,0.0002598752598752599
hintergrundgesprächen,1,0.0002598752598752599
zeitaufwand,1,0.0002598752598752599
überwindbar,1,0.0002598752598752599
extraarbeit,1,0.0002598752598752599
leiden,1,0.0002598752598752599
darunter,1,0.0002598752598752599
rest,1,0.0002598752598752599
extra,1,0.0002598752598752599
hinzu,1,0.0002598752598752599
gremienzusammensetzung,1,0.0002598752598752599
partizipation,1,0.0002598752598752599
bleibeperspektive,1,0.0002598752598752599
unbefristet,1,0.0002598752598752599
förderprogramm,1,0.0002598752598752599
verordnet,1,0.0002598752598752599
exzellenzgedank,1,0.0002598752598752599
ausmaß,1,0.0002598752598752599
ausschreibung,1,0.0002598752598752599
erneut,1,0.0002598752598752599
problematik,1,0.0002598752598752599
richtig,1,0.0002598752598752599
behörde,1,0.0002598752598752599
bundesverfassungsschutz,1,0.0002598752598752599
beraten,1,0.0002598752598752599
bka,1,0.0002598752598752599
lka,1,0.0002598752598752599
einstellung,1,0.0002598752598752599
wettbewerben,1,0.0002598752598752599
rechtsextremist,1,0.0002598752598752599
publik,1,0.0002598752598752599
ebenso,1,0.0002598752598752599
untergraben,1,0.0002598752598752599
dekanat,1,0.0002598752598752599
staatlich,1,0.0002598752598752599
wehren,1,0.0002598752598752599
zurecht,1,0.0002598752598752599
rassismus,1,0.0002598752598752599
tellerrand,1,0.0002598752598752599
zerstören,1,0.0002598752598752599
kontrolle,1,0.0002598752598752599
forschen,1,0.0002598752598752599
frei,1,0.0002598752598752599
ständig,1,0.0002598752598752599
vorbeiführen,1,0.0002598752598752599
ausgehen,1,0.0002598752598752599
andernfalls,1,0.0002598752598752599
tat,1,0.0002598752598752599
wort,1,0.0002598752598752599
bekennen,1,0.0002598752598752599
farbe,1,0.0002598752598752599
präsidiumsmitglied,1,0.0002598752598752599
ordnungskräfte,1,0.0002598752598752599
polizeigewalt,1,0.0002598752598752599
grenze,1,0.0002598752598752599
recherche,1,0.0002598752598752599
fliehkräft,1,0.0002598752598752599
vergangen,1,0.0002598752598752599
jenseits,1,0.0002598752598752599
bündnissen,1,0.0002598752598752599
aktion,1,0.0002598752598752599
leitungseben,1,0.0002598752598752599
abzufangen,1,0.0002598752598752599
akteur,1,0.0002598752598752599
hierbei,1,0.0002598752598752599
etabliert,1,0.0002598752598752599
tätigkeit,1,0.0002598752598752599
drastisch,1,0.0002598752598752599
folgen,1,0.0002598752598752599
inwieweit,1,0.0002598752598752599
entziehen,1,0.0002598752598752599
lohn,1,0.0002598752598752599
entstehend,1,0.0002598752598752599
befürworten,1,0.0002598752598752599
auftretend,1,0.0002598752598752599
ungehorsam,1,0.0002598752598752599
präsenz,1,0.0002598752598752599
aufmärsch,1,0.0002598752598752599
angesichts,1,0.0002598752598752599
sobald,1,0.0002598752598752599
legen,1,0.0002598752598752599
handwerk,1,0.0002598752598752599
hoffentlich,1,0.0002598752598752599
final,1,0.0002598752598752599
genannt,1,0.0002598752598752599
runde,1,0.0002598752598752599
abschließen,1,0.0002598752598752599
zivil,1,0.0002598752598752599
blockade,1,0.0002598752598752599
demonstration,1,0.0002598752598752599
aufwendung,1,0.0002598752598752599
scheitern,1,0.0002598752598752599
mittelvergabe,1,0.0002598752598752599
rolle,1,0.0002598752598752599
nicht-eu-studierende,1,0.0002598752598752599
auseinandersetzung,1,0.0002598752598752599
bilingual,1,0.0002598752598752599
fortlaufend,1,0.0002598752598752599
o-phase,1,0.0002598752598752599
regulär,1,0.0002598752598752599
realisieren,1,0.0002598752598752599
miteinander,1,0.0002598752598752599
benötigen,1,0.0002598752598752599
integrieren,1,0.0002598752598752599
selbiges,1,0.0002598752598752599
durchmischung,1,0.0002598752598752599
aufenthalt,1,0.0002598752598752599
topf,1,0.0002598752598752599
jede*\r,1,0.0002598752598752599
abgegriffen,1,0.0002598752598752599
erklärt,1,0.0002598752598752599
außerhalb,1,0.0002598752598752599
optional,1,0.0002598752598752599
lehrveranstaltung,1,0.0002598752598752599
beitragen,1,0.0002598752598752599
eurozentrismus,1,0.0002598752598752599
grundständig,1,0.0002598752598752599
hindernis,1,0.0002598752598752599
antirassismus,1,0.0002598752598752599
aufdecken,1,0.0002598752598752599
kontinuität,1,0.0002598752598752599
postkolonial,1,0.0002598752598752599
hinterfragen,1,0.0002598752598752599
notwendig,1,0.0002598752598752599
bruchteil,1,0.0002598752598752599
abseits,1,0.0002598752598752599
vertieft,1,0.0002598752598752599
personalstelle,1,0.0002598752598752599
studienberatung,1,0.0002598752598752599
deutsch,1,0.0002598752598752599
erleichtern,1,0.0002598752598752599
teilnahme,1,0.0002598752598752599
inner,1,0.0002598752598752599
fakultätsbudget,1,0.0002598752598752599
verbindung,1,0.0002598752598752599
abschluß,1,0.0002598752598752599
verweigern,1,0.0002598752598752599
vergleich,1,0.0002598752598752599
absolviert,1,0.0002598752598752599
auslandsemester,1,0.0002598752598752599
abschluss,1,0.0002598752598752599
nachteil,1,0.0002598752598752599
auslandsaufenthalt,1,0.0002598752598752599
vergleichbarkeit,1,0.0002598752598752599
gastland,1,0.0002598752598752599
bologna,1,0.0002598752598752599
zunehmen,1,0.0002598752598752599
platzkontingent,1,0.0002598752598752599
erasmus+,1,0.0002598752598752599
europäisch,1,0.0002598752598752599
wiederholen,1,0.0002598752598752599
vernetzung,1,0.0002598752598752599
kennenlernen,1,0.0002598752598752599
erlern,1,0.0002598752598752599
einsparen,1,0.0002598752598752599
äquivalent,1,0.0002598752598752599
zuhause,1,0.0002598752598752599
bescheinigen,1,0.0002598752598752599
umfang,1,0.0002598752598752599
laufenden,1,0.0002598752598752599
heimatuniversität,1,0.0002598752598752599
weiterbildungsangebot,1,0.0002598752598752599
sprachkurs,1,0.0002598752598752599
absurd,1,0.0002598752598752599
zustimmung,1,0.0002598752598752599
schlüsselkompetenzbereich,1,0.0002598752598752599
dissensverfahr,1,0.0002598752598752599
softskill,1,0.0002598752598752599
rechtfertigen,1,0.0002598752598752599
sekundär,1,0.0002598752598752599
kompetenz,1,0.0002598752598752599
interkulturell,1,0.0002598752598752599
studiengebühr,1,0.0002598752598752599
lieb,1,0.0002598752598752599
geldananlag,1,0.0002598752598752599
ausrichtung,1,0.0002598752598752599
qualitätssicherungsprozes,1,0.0002598752598752599
überprüfung,1,0.0002598752598752599
utopie,1,0.0002598752598752599
entfaltung,1,0.0002598752598752599
revolutionär,1,0.0002598752598752599
arbeitsmarkt,1,0.0002598752598752599
studienschwerpunkt,1,0.0002598752598752599
lehrpläne,1,0.0002598752598752599
lerninhalt,1,0.0002598752598752599
wirtschaftsmodell,1,0.0002598752598752599
neoliberal,1,0.0002598752598752599
verbreitung,1,0.0002598752598752599
alternativlos,1,0.0002598752598752599
ökonomisierung,1,0.0002598752598752599
resultierend,1,0.0002598752598752599
kapitalismus,1,0.0002598752598752599
fachlich,1,0.0002598752598752599
rezipieren,1,0.0002598752598752599
freibetrag,1,0.0002598752598752599
eher,1,0.0002598752598752599
bekannt,1,0.0002598752598752599
zeitrahmen,1,0.0002598752598752599
genauer,1,0.0002598752598752599
fertig,1,0.0002598752598752599
antragstool,1,0.0002598752598752599
heiß,1,0.0002598752598752599
tropfen,1,0.0002598752598752599
her,1,0.0002598752598752599
dezember,1,0.0002598752598752599
ausgabe,1,0.0002598752598752599
anstehend,1,0.0002598752598752599
absehen,1,0.0002598752598752599
200,1,0.0002598752598752599
soforthilfe,1,0.0002598752598752599
einmalig,1,0.0002598752598752599
beschließen,1,0.0002598752598752599
grundproblem,1,0.0002598752598752599
einengen,1,0.0002598752598752599
zwang,1,0.0002598752598752599
fakultätsgremien,1,0.0002598752598752599
lebenserhaltungskost,1,0.0002598752598752599
führen,1,0.0002598752598752599
auge,1,0.0002598752598752599
monat,1,0.0002598752598752599
vielleicht,1,0.0002598752598752599
herausholen,1,0.0002598752598752599
gute,1,0.0002598752598752599
planen,1,0.0002598752598752599
materiell,1,0.0002598752598752599
wille,1,0.0002598752598752599
ökonomisch,1,0.0002598752598752599
philosophischen,1,0.0002598752598752599
sozialwissenschaftliche,1,0.0002598752598752599
ausfinanzierung,1,0.0002598752598752599
stabil,1,0.0002598752598752599
wirtschaftlichkeit,1,0.0002598752598752599
inflation,1,0.0002598752598752599
hart,1,0.0002598752598752599
kern,1,0.0002598752598752599
programmatik,1,0.0002598752598752599
problem,1,0.0002598752598752599
systemimmanent,1,0.0002598752598752599
viele,1,0.0002598752598752599
hochschulzugang,1,0.0002598752598752599
regulärer,1,0.0002598752598752599
richten,1,0.0002598752598752599
bewältigung,1,0.0002598752598752599
nebenjob,1,0.0002598752598752599
zustehen,1,0.0002598752598752599
teilhabe,1,0.0002598752598752599
gesellschaftlich,1,0.0002598752598752599
komfortabel,1,0.0002598752598752599
versetzen,1,0.0002598752598752599
vielfältig,1,0.0002598752598752599
ausbildung,1,0.0002598752598752599
beschleunigen,1,0.0002598752598752599
auszahlung,1,0.0002598752598752599
schnell,1,0.0002598752598752599
begrüßen,1,0.0002598752598752599
wirtschaftlich,1,0.0002598752598752599
auftrag,1,0.0002598752598752599
ausstatten,1,0.0002598752598752599
service-einrichtung,1,0.0002598752598752599
menü,1,0.0002598752598752599
vergünstigt,1,0.0002598752598752599
preisstopp,1,0.0002598752598752599
essen,1,0.0002598752598752599
miete,1,0.0002598752598752599
kochnisch,1,0.0002598752598752599
nasszelle,1,0.0002598752598752599
einzelappartement,1,0.0002598752598752599
fokussierung,1,0.0002598752598752599
wohnform,1,0.0002598752598752599
vielfältiger,1,0.0002598752598752599
wohnungsmarkt,1,0.0002598752598752599
kulturell,1,0.0002598752598752599
relativ,1,0.0002598752598752599
zahlen,1,0.0002598752598752599
nachtragshaushalt,1,0.0002598752598752599
berechtigtenkreis,1,0.0002598752598752599
erweiterung,1,0.0002598752598752599
vollzuschuss,1,0.0002598752598752599
bafög-reförmchen,1,0.0002598752598752599
erhöhen,1,0.0002598752598752599
unabhängigkeit,1,0.0002598752598752599
angepasst,1,0.0002598752598752599
automatisch,1,0.0002598752598752599
satz,1,0.0002598752598752599
elternunabhängig,1,0.0002598752598752599
alters,1,0.0002598752598752599
finanzierungsplan,1,0.0002598752598752599
abfedern,1,0.0002598752598752599
folge,1,0.0002598752598752599
bereitstellen,1,0.0002598752598752599
wohnungsbau,1,0.0002598752598752599
landeshaushalt,1,0.0002598752598752599
abwickeln,1,0.0002598752598752599
zeitpunkt,1,0.0002598752598752599
einnahme,1,0.0002598752598752599
drohen,1,0.0002598752598752599
exmatrikulation,1,0.0002598752598752599
sofort,1,0.0002598752598752599
nichtentrichtung,1,0.0002598752598752599
vereinbaren,1,0.0002598752598752599
rate,1,0.0002598752598752599
semesterbeitrag,1,0.0002598752598752599
unterstützung,1,0.0002598752598752599
belastung,1,0.0002598752598752599
härtefallregelung,1,0.0002598752598752599
flexibilität,1,0.0002598752598752599
schaden,1,0.0002598752598752599
temporär,1,0.0002598752598752599
abbrechen,1,0.0002598752598752599
entlastung,1,0.0002598752598752599
prinzip,1,0.0002598752598752599
verwaltungsakt,1,0.0002598752598752599
härtefall,1,0.0002598752598752599
nöt,1,0.0002598752598752599
landkreis,1,0.0002598752598752599
warmmiet,1,0.0002598752598752599
nebenkosten,1,0.0002598752598752599
erhöhung,1,0.0002598752598752599
wohnraummangel,1,0.0002598752598752599
verschärfen,1,0.0002598752598752599
jahrzehnt,1,0.0002598752598752599
bezahlbarer,1,0.0002598752598752599
abnehmen,1,0.0002598752598752599
ansatz,1,0.0002598752598752599
werkzeug,1,0.0002598752598752599
semesterticketrückerstattung,1,0.0002598752598752599
sofortdarlehen,1,0.0002598752598752599
100,1,0.0002598752598752599
auffangen,1,0.0002598752598752599
gesichtspunkt,1,0.0002598752598752599
hinnehmen,1,0.0002598752598752599
rigoro,1,0.0002598752598752599
vernachlässigen,1,0.0002598752598752599
lunchbox,1,0.0002598752598752599
fertigstellung,1,0.0002598752598752599
mittagessen,1,0.0002598752598752599
warten,1,0.0002598752598752599
fertigstellen,1,0.0002598752598752599
2024,1,0.0002598752598752599
voraussichtlich,1,0.0002598752598752599
bestandteil,1,0.0002598752598752599
untereinander,1,0.0002598752598752599
existentiell,1,0.0002598752598752599
vorbild,1,0.0002598752598752599
entspannungsraum,1,0.0002598752598752599
bauchen,1,0.0002598752598752599
ausgleich,1,0.0002598752598752599
erholung,1,0.0002598752598752599
campusfestival,1,0.0002598752598752599
kontinuierlich,1,0.0002598752598752599
wachstum,1,0.0002598752598752599
widerspiegeln,1,0.0002598752598752599
container,1,0.0002598752598752599
awareness-konzept,1,0.0002598752598752599
conduct,1,0.0002598752598752599
code,1,0.0002598752598752599
uniweit,1,0.0002598752598752599
regel,1,0.0002598752598752599
besitzen,1,0.0002598752598752599
o-phasen-ordnung,1,0.0002598752598752599
juristisch,1,0.0002598752598752599
regelung,1,0.0002598752598752599
unbeschweren,1,0.0002598752598752599
erkunden,1,0.0002598752598752599
freundschaft,1,0.0002598752598752599
studi,1,0.0002598752598752599
raumtechnisch,1,0.0002598752598752599
forschungsbedingung,1,0.0002598752598752599
campus-kultur,1,0.0002598752598752599
zusammenbringen,1,0.0002598752598752599
fachstudienberatung,1,0.0002598752598752599
ausführlich,1,0.0002598752598752599
flexibl,1,0.0002598752598752599
stressfreier,1,0.0002598752598752599
möglichst,1,0.0002598752598752599
einsatz,1,0.0002598752598752599
"

 ",1,0.0002598752598752599
vorstellen,1,0.0002598752598752599
idee,1,0.0002598752598752599
abschnitt,1,0.0002598752598752599
fachbereichen,1,0.0002598752598752599
folgend,1,0.0002598752598752599
zusammenleben,1,0.0002598752598752599
emanzipatorisch,1,0.0002598752598752599
progressiv,1,0.0002598752598752599
2023.,1,0.0002598752598752599
hochschulwahle,1,0.0002598752598752599
wahlprogramm,1,0.0002598752598752599
entgegenstehen,1,0.0002598752598752599
zeitgemäß,1,0.0002598752598752599
vernünftig,1,0.0002598752598752599
begründen,1,0.0002598752598752599
party,1,0.0002598752598752599
verpflegung,1,0.0002598752598752599
wiederauferstehen,1,0.0002598752598752599
event,1,0.0002598752598752599
veranstalten,1,0.0002598752598752599
campus-festival,1,0.0002598752598752599
früher,1,0.0002598752598752599
studierendenleben,1,0.0002598752598752599
allein,1,0.0002598752598752599
einzigartig,1,0.0002598752598752599
platz,1,0.0002598752598752599
weiterentwickeln,1,0.0002598752598752599
erwachsene,1,0.0002598752598752599
selbstbestimmt,1,0.0002598752598752599
schüler*\innen,1,0.0002598752598752599
fehlverhalten,1,0.0002598752598752599
selbstentfaltung,1,0.0002598752598752599
generell,1,0.0002598752598752599
flächendeckend,1,0.0002598752598752599
installieren,1,0.0002598752598752599
universitätsgelände,1,0.0002598752598752599
wasserspender,1,0.0002598752598752599
hörsälen,1,0.0002598752598752599
asukömmlich,1,0.0002598752598752599
steckdosen,1,0.0002598752598752599
w-lan,1,0.0002598752598752599
digitaler,1,0.0002598752598752599
unrealistisch,1,0.0002598752598752599
leistung,1,0.0002598752598752599
geknüpft,1,0.0002598752598752599
vorher,1,0.0002598752598752599
unbegrenzt,1,0.0002598752598752599
zeitlich,1,0.0002598752598752599
stressor,1,0.0002598752598752599
kompatibl,1,0.0002598752598752599
fortbildung,1,0.0002598752598752599
lehrende,1,0.0002598752598752599
hybride,1,0.0002598752598752599
lernraum,1,0.0002598752598752599
forschungsportfolio,1,0.0002598752598752599
linie,1,0.0002598752598752599
berufungsplanung,1,0.0002598752598752599
beeinflussen,1,0.0002598752598752599
mitgedacht,1,0.0002598752598752599
studierendenseite,1,0.0002598752598752599
bezahlen,1,0.0002598752598752599
lernzeite,1,0.0002598752598752599
haus,1,0.0002598752598752599
zwingen,1,0.0002598752598752599
energiekosten,1,0.0002598752598752599
aufhalten,1,0.0002598752598752599
energiekrise,1,0.0002598752598752599
forum,1,0.0002598752598752599
prestigeprojekt,1,0.0002598752598752599
meister,1,0.0002598752598752599
missbrauchen,1,0.0002598752598752599
unabdingbar,1,0.0002598752598752599
irgendwelcher,1,0.0002598752598752599
seminararbeit,1,0.0002598752598752599
artikel,1,0.0002598752598752599
wikipedia,1,0.0002598752598752599
schreiben,1,0.0002598752598752599
sinnvoll,1,0.0002598752598752599
anonym,1,0.0002598752598752599
jegliche,1,0.0002598752598752599
nützen,1,0.0002598752598752599
gnadenlos,1,0.0002598752598752599
stress,1,0.0002598752598752599
verursachen,1,0.0002598752598752599
termin,1,0.0002598752598752599
künstlich,1,0.0002598752598752599
prüfungsversuche,1,0.0002598752598752599
unangenehm,1,0.0002598752598752599
härtefallanträg,1,0.0002598752598752599
abgabe,1,0.0002598752598752599
typischerweise,1,0.0002598752598752599
papierkorb,1,0.0002598752598752599
schublade,1,0.0002598752598752599
ausnahme,1,0.0002598752598752599
anwesenheitspflicht,1,0.0002598752598752599
dursetzung,1,0.0002598752598752599
dauerthema,1,0.0002598752598752599
gewähren,1,0.0002598752598752599
mitautor*\innenschaft,1,0.0002598752598752599
beteiligen,1,0.0002598752598752599
hilfskraft,1,0.0002598752598752599
abschlussarbeiten,1,0.0002598752598752599
veröffentlichen,1,0.0002598752598752599
paper,1,0.0002598752598752599
ermutigen,1,0.0002598752598752599
ziehen,1,0.0002598752598752599
festplatte,1,0.0002598752598752599
bitrot,1,0.0002598752598752599
anhebung,1,0.0002598752598752599
bafög-berechtigte,1,0.0002598752598752599
nutzung,1,0.0002598752598752599
vorerkrankung,1,0.0002598752598752599
tool,1,0.0002598752598752599
beworben,1,0.0002598752598752599
kapazität,1,0.0002598752598752599
screening,1,0.0002598752598752599
campus-covid,1,0.0002598752598752599
prüfungsforma,1,0.0002598752598752599
härtefallgrund,1,0.0002598752598752599
oberer,1,0.0002598752598752599
überwind,1,0.0002598752598752599
schutz,1,0.0002598752598752599
gefahr,1,0.0002598752598752599
corona,1,0.0002598752598752599
endemie,1,0.0002598752598752599
aspekt,1,0.0002598752598752599
ansprechen,1,0.0002598752598752599
mindestens,1,0.0002598752598752599
erkenn,1,0.0002598752598752599
hindernissen,1,0.0002598752598752599
annehmen,1,0.0002598752598752599
uhr,1,0.0002598752598752599
reden,1,0.0002598752598752599
überwinden,1,0.0002598752598752599
länderklischee,1,0.0002598752598752599
vorurteil,1,0.0002598752598752599
lieben,1,0.0002598752598752599
bereichern,1,0.0002598752598752599
anerkannt,1,0.0002598752598752599
rund,1,0.0002598752598752599
hinsichtlich,1,0.0002598752598752599
beleuchtung,1,0.0002598752598752599
angstraum,1,0.0002598752598752599
hierfür,1,0.0002598752598752599
hochschulgremium,1,0.0002598752598752599
ungewiss,1,0.0002598752598752599
längerfristig,1,0.0002598752598752599
klickzahle,1,0.0002598752598752599
lehrformat,1,0.0002598752598752599
beachten,1,0.0002598752598752599
übersetzen,1,0.0002598752598752599
prozeß,1,0.0002598752598752599
taboo,1,0.0002598752598752599
bloody,1,0.0002598752598752599
the,1,0.0002598752598752599
break,1,0.0002598752598752599
berücksichtigen,1,0.0002598752598752599
gleichstellung,1,0.0002598752598752599
mithelfen,1,0.0002598752598752599
professionalisieren,1,0.0002598752598752599
gebärdensprache,1,0.0002598752598752599
gleichstellungsbüro,1,0.0002598752598752599
gleichstellungsbeauftragt,1,0.0002598752598752599
verstoß,1,0.0002598752598752599
sanktion,1,0.0002598752598752599
diskriminierungsschutzrichtlinie,1,0.0002598752598752599
belästigung,1,0.0002598752598752599
student*\in,1,0.0002598752598752599
untertützen,1,0.0002598752598752599
behinderung,1,0.0002598752598752599
genauso,1,0.0002598752598752599
einzubezieh,1,0.0002598752598752599
vorlesung,1,0.0002598752598752599
barriereärmer,1,0.0002598752598752599
präsenzlehr,1,0.0002598752598752599
hochschuldemokratie,1,0.0002598752598752599
vorgabe,1,0.0002598752598752599
inklusion,1,0.0002598752598752599
baustein,1,0.0002598752598752599
umgesetzten,1,0.0002598752598752599
baumaßnahm,1,0.0002598752598752599
elementar,1,0.0002598752598752599
einzubringen,1,0.0002598752598752599
dadurch,1,0.0002598752598752599
vfsb,1,0.0002598752598752599
beeinträchtigung,1,0.0002598752598752599
vertretung,1,0.0002598752598752599
marginalisiert,1,0.0002598752598752599
unberücksichtigt,1,0.0002598752598752599
lässen,1,0.0002598752598752599
nötig,1,0.0002598752598752599
lehr,1,0.0002598752598752599
schwerwiegend,1,0.0002598752598752599
zhg,1,0.0002598752598752599
wilhelmsplatz,1,0.0002598752598752599
bau,1,0.0002598752598752599
representativ,1,0.0002598752598752599
sicht,1,0.0002598752598752599
heizung,1,0.0002598752598752599
säule,1,0.0002598752598752599
abschaltung,1,0.0002598752598752599
temperatur,1,0.0002598752598752599
senkung,1,0.0002598752598752599
verbrauch,1,0.0002598752598752599
energetisch,1,0.0002598752598752599
einsparpotenzial,1,0.0002598752598752599
energiekriese,1,0.0002598752598752599
lernbetrieb,1,0.0002598752598752599
beeinträchtigen,1,0.0002598752598752599
mitgedachen,1,0.0002598752598752599
prämiss,1,0.0002598752598752599
verpflichtend,1,0.0002598752598752599
bevorzugung,1,0.0002598752598752599
evaluieren,1,0.0002598752598752599
einhaltung,1,0.0002598752598752599
probe,1,0.0002598752598752599
investment,1,0.0002598752598752599
ethisch,1,0.0002598752598752599
bevorzugen,1,0.0002598752598752599
divestmentstrategie,1,0.0002598752598752599
2018,1,0.0002598752598752599
vermögen,1,0.0002598752598752599
stiftungsuniversität,1,0.0002598752598752599
garantieren,1,0.0002598752598752599
berücksichtigung,1,0.0002598752598752599
speziell,1,0.0002598752598752599
zug,1,0.0002598752598752599
erstellen,1,0.0002598752598752599
erkennen,1,0.0002598752598752599
aufeinander,1,0.0002598752598752599
bedrohung,1,0.0002598752598752599
datum,1,0.0002598752598752599
protestbewegung,1,0.0002598752598752599
radikalisierend,1,0.0002598752598752599
naturereignisse,1,0.0002598752598752599
rot,1,0.0002598752598752599
rücksicht,1,0.0002598752598752599
nachteilsausgleiche,1,0.0002598752598752599
nichteinhaltung,1,0.0002598752598752599
alter,1,0.0002598752598752599
urlaubssemeste,1,0.0002598752598752599
benachteiligunge,1,0.0002598752598752599
elternzeit,1,0.0002598752598752599
beantragen,1,0.0002598752598752599
klausel,1,0.0002598752598752599
nachteilsausgleich,1,0.0002598752598752599
menschheit,1,0.0002598752598752599
warum,1,0.0002598752598752599
gaskraftwerk,1,0.0002598752598752599
schwer,1,0.0002598752598752599
zwischenziele,1,0.0002598752598752599
konkret,1,0.0002598752598752599
dekarbonisierungsplan,1,0.0002598752598752599
vorsitz,1,0.0002598752598752599
stellvertretend,1,0.0002598752598752599
senatsliste,1,0.0002598752598752599
statusgruppe,1,0.0002598752598752599
2030,1,0.0002598752598752599
klimaneutralität,1,0.0002598752598752599
erklärung,1,0.0002598752598752599
kommission,1,0.0002598752598752599
priorisieren,1,0.0002598752598752599
nennen,1,0.0002598752598752599
argument,1,0.0002598752598752599
erklären,1,0.0002598752598752599
zweiter,1,0.0002598752598752599
ungefähr,1,0.0002598752598752599
metoo,1,0.0002598752598752599
ankämpfen,1,0.0002598752598752599
anstehen,1,0.0002598752598752599
bedingung,1,0.0002598752598752599
kritisieren,1,0.0002598752598752599
kampagne,1,0.0002598752598752599
ichbinhannah,1,0.0002598752598752599
stellenumfang,1,0.0002598752598752599
kettenbefristung,1,0.0002598752598752599
arbeitsverhältnis,1,0.0002598752598752599
teilhaben,1,0.0002598752598752599
arbeitnehmer*\innen,1,0.0002598752598752599
umg,1,0.0002598752598752599
solidarität,1,0.0002598752598752599
universitätspräsidium,1,0.0002598752598752599
haustarifvertrag,1,0.0002598752598752599
begleitung,1,0.0002598752598752599
aushandeln,1,0.0002598752598752599
jung,1,0.0002598752598752599
bislang,1,0.0002598752598752599
konsum,1,0.0002598752598752599
zentrum,1,0.0002598752598752599
besetzen,1,0.0002598752598752599
weiblich,1,0.0002598752598752599
professur,1,0.0002598752598752599
geschlechtergerechtigkeit,1,0.0002598752598752599
diver,1,0.0002598752598752599
offensteht,1,0.0002598752598752599
mitgetragen,1,0.0002598752598752599
mitglied,1,0.0002598752598752599
garantie,1,0.0002598752598752599
original,1,0.0002598752598752599
alltag,1,0.0002598752598752599
stakehold,1,0.0002598752598752599
lokal,1,0.0002598752598752599
begegnung,1,0.0002598752598752599
jva,1,0.0002598752598752599
dank,1,0.0002598752598752599
bildungssystem,1,0.0002598752598752599
diskrepanz,1,0.0002598752598752599
bundesebene,1,0.0002598752598752599
arbeiterkind,1,0.0002598752598752599
verein,1,0.0002598752598752599
rücken,1,0.0002598752598752599
fokus,1,0.0002598752598752599
familie,1,0.0002598752598752599
problemlag,1,0.0002598752598752599
versprochen,1,0.0002598752598752599
ausstehend,1,0.0002598752598752599
gebührenfreien,1,0.0002598752598752599
enthalten,1,0.0002598752598752599
papierkreislauf,1,0.0002598752598752599
ausgedruckt,1,0.0002598752598752599
antrag,1,0.0002598752598752599
verständlich,1,0.0002598752598752599
breiteren,1,0.0002598752598752599
transparent,1,0.0002598752598752599
art,1,0.0002598752598752599
akademiker*\innenfamilien,1,0.0002598752598752599
informationsvorsprung,1,0.0002598752598752599
öffnung,1,0.0002598752598752599
gleich,1,0.0002598752598752599
pflichtpraktika,1,0.0002598752598752599
teuer,1,0.0002598752598752599
kostenfaktor,1,0.0002598752598752599
umgelegen,1,0.0002598752598752599
grundlegend,1,0.0002598752598752599
betragen,1,0.0002598752598752599
eingestampfen,1,0.0002598752598752599
verwaltungskostenbeitrag,1,0.0002598752598752599
intransparent,1,0.0002598752598752599
gebühr,1,0.0002598752598752599
ankündigung,1,0.0002598752598752599
erheben,1,0.0002598752598752599
langzeitstudiengebühr,1,0.0002598752598752599
leider,1,0.0002598752598752599
erheblich,1,0.0002598752598752599
beseitigen,1,0.0002598752598752599
hashtag,1,0.0002598752598752599
lesbisch,1,0.0002598752598752599
beschäftigen,1,0.0002598752598752599
wähler*innen,1,0.0002598752598752599
diversitätsthem,1,0.0002598752598752599
gender,1,0.0002598752598752599
trans*/inter*/queer,1,0.0002598752598752599
bisexuell,1,0.0002598752598752599
schwul,1,0.0002598752598752599
lsbtiq,1,0.0002598752598752599
wohlfühltemperatur,1,0.0002598752598752599
sensibilisieren,1,0.0002598752598752599
einordnen,1,0.0002598752598752599
system,1,0.0002598752598752599
heteronormativ,1,0.0002598752598752599
männlich-weiblich,1,0.0002598752598752599
geschlechtssystem,1,0.0002598752598752599
binär,1,0.0002598752598752599
trans*-,1,0.0002598752598752599
beratungsstelle,1,0.0002598752598752599
erwähnen,1,0.0002598752598752599
namensänderung,1,0.0002598752598752599
studie,1,0.0002598752598752599
bekämpfen,1,0.0002598752598752599
z-campus,1,0.0002598752598752599
einsetzten,1,0.0002598752598752599
essenziell,1,0.0002598752598752599
universitätsgebäud,1,0.0002598752598752599
toilette,1,0.0002598752598752599
geschlechtsneutral,1,0.0002598752598752599
etablierung,1,0.0002598752598752599
angreifen,1,0.0002598752598752599
diskriminieren,1,0.0002598752598752599
orientierung,1,0.0002598752598752599
aussehen,1,0.0002598752598752599
niemand,1,0.0002598752598752599
ergänzungsausweis,1,0.0002598752598752599
vielfalt,1,0.0002598752598752599
nachgewiesenermaßen,1,0.0002598752598752599
senatsinitiative,1,0.0002598752598752599
erachen,1,0.0002598752598752599
zuordnen,1,0.0002598752598752599
stabstelle,1,0.0002598752598752599
präsident*\in,1,0.0002598752598752599
dem*\der,1,0.0002598752598752599
rechnung,1,0.0002598752598752599
ungeeignet,1,0.0002598752598752599
bisherig,1,0.0002598752598752599
chancengleichheit,1,0.0002598752598752599
mann,1,0.0002598752598752599
vorzugreifen,1,0.0002598752598752599
plan,1,0.0002598752598752599
umbenennen,1,0.0002598752598752599
schlözer,1,0.0002598752598752599
dorothea,1,0.0002598752598752599
förderungsprogramme,1,0.0002598752598752599
reichen,1,0.0002598752598752599
ausschließlich,1,0.0002598752598752599
nicht-männlicher,1,0.0002598752598752599
parität,1,0.0002598752598752599
lang,1,0.0002598752598752599
energiesparmaßnahm,1,0.0002598752598752599
standard,1,0.0002598752598752599
raumtemperatur,1,0.0002598752598752599
sagen,1,0.0002598752598752599
gegendert,1,0.0002598752598752599
fühlen,1,0.0002598752598752599
mitgemeinen,1,0.0002598752598752599
universitätspräsidiumspost,1,0.0002598752598752599
zugangsvoraussetzung,1,0.0002598752598752599
angleichung,1,0.0002598752598752599
antreten,1,0.0002598752598752599
berechtigung,1,0.0002598752598752599
grundgesamtheit,1,0.0002598752598752599
unterrepräsentieren,1,0.0002598752598752599
vergehen,1,0.0002598752598752599
erfolgreich,1,0.0002598752598752599
