gut,41,0.00870118845500849
sollen,38,0.008064516129032258
kind,36,0.007640067911714771
digital,34,0.007215619694397283
neu,31,0.006578947368421052
müssen,27,0.005730050933786078
mensch,27,0.005730050933786078
sozial,26,0.0055178268251273345
dafür,25,0.005305602716468591
unterstützen,25,0.005305602716468591
mehr,25,0.005305602716468591
ziel,22,0.00466893039049236
fördern,22,0.00466893039049236
brauchen,21,0.004456706281833617
leben,21,0.004456706281833617
bildung,21,0.004456706281833617
setzen,21,0.004456706281833617
bürger*inn,19,0.004032258064516129
sorgen,17,0.0036078098471986416
groß,17,0.0036078098471986416
schaffen,16,0.003395585738539898
wichtig,15,0.0031833616298811546
frau,15,0.0031833616298811546
ermöglichen,15,0.0031833616298811546
deutschland,15,0.0031833616298811546
einkommen,15,0.0031833616298811546
stärken,15,0.0031833616298811546
förderung,15,0.0031833616298811546
gesellschaft,14,0.0029711375212224107
deshalb,14,0.0029711375212224107
dabei,14,0.0029711375212224107
gesetzlich,14,0.0029711375212224107
öffentlich,13,0.0027589134125636672
arbeit,13,0.0027589134125636672
jahr,13,0.0027589134125636672
vieler,13,0.0027589134125636672
pflege,13,0.0027589134125636672
jung,13,0.0027589134125636672
digitalisierung,12,0.0025466893039049238
stark,12,0.0025466893039049238
ausbildung,12,0.0025466893039049238
europäisch,12,0.0025466893039049238
hoch,12,0.0025466893039049238
eigen,12,0.0025466893039049238
gerecht,12,0.0025466893039049238
leistung,12,0.0025466893039049238
sichern,11,0.00233446519524618
rente,11,0.00233446519524618
teilhabe,11,0.00233446519524618
infrastruktur,11,0.00233446519524618
erhalten,11,0.00233446519524618
gleich,11,0.00233446519524618
unternehmen,11,0.00233446519524618
zugang,11,0.00233446519524618
stehen,11,0.00233446519524618
gelten,11,0.00233446519524618
sowie,11,0.00233446519524618
verbessern,10,0.0021222410865874364
recht,10,0.0021222410865874364
nutzen,10,0.0021222410865874364
schule,10,0.0021222410865874364
darum,10,0.0021222410865874364
ausbauen,10,0.0021222410865874364
kultur,10,0.0021222410865874364
chance,10,0.0021222410865874364
kommune,10,0.0021222410865874364
familie,10,0.0021222410865874364
land,10,0.0021222410865874364
sicher,9,0.0019100169779286927
möglichkeit,9,0.0019100169779286927
aufgabe,9,0.0019100169779286927
diskriminierung,9,0.0019100169779286927
finanziell,9,0.0019100169779286927
immer,9,0.0019100169779286927
bereich,9,0.0019100169779286927
bund,9,0.0019100169779286927
einführen,9,0.0019100169779286927
erster,9,0.0019100169779286927
bedeutung,9,0.0019100169779286927
mann,9,0.0019100169779286927
zukunft,9,0.0019100169779286927
jugendliche,8,0.001697792869269949
zudem,8,0.001697792869269949
umsetzen,8,0.001697792869269949
erreichen,8,0.001697792869269949
geben,8,0.001697792869269949
sozialstaat,8,0.001697792869269949
verlässlich,8,0.001697792869269949
weiterentwickeln,8,0.001697792869269949
forschung,8,0.001697792869269949
angemessen,8,0.001697792869269949
beitrag,8,0.001697792869269949
schnell,8,0.001697792869269949
innovation,8,0.001697792869269949
angebot,8,0.001697792869269949
wandel,8,0.001697792869269949
mobilität,8,0.001697792869269949
konsequent,8,0.001697792869269949
absichern,8,0.001697792869269949
klimawandel,8,0.001697792869269949
finanzierung,8,0.001697792869269949
versorgung,8,0.001697792869269949
nachhaltig,7,0.0014855687606112054
zeigen,7,0.0014855687606112054
dürfen,7,0.0014855687606112054
neben,7,0.0014855687606112054
entwickeln,7,0.0014855687606112054
abschaffen,7,0.0014855687606112054
lang,7,0.0014855687606112054
daher,7,0.0014855687606112054
weit,7,0.0014855687606112054
wohnung,7,0.0014855687606112054
absicherung,7,0.0014855687606112054
führen,7,0.0014855687606112054
mittel,7,0.0014855687606112054
bezahlbar,7,0.0014855687606112054
gerade,7,0.0014855687606112054
grundlage,7,0.0014855687606112054
erfolgreich,7,0.0014855687606112054
stadt,7,0.0014855687606112054
deutlich,7,0.0014855687606112054
medizinisch,7,0.0014855687606112054
weiterbildung,7,0.0014855687606112054
kommen,7,0.0014855687606112054
unterstützung,7,0.0014855687606112054
besonderer,7,0.0014855687606112054
beschäftigter,7,0.0014855687606112054
entwicklung,7,0.0014855687606112054
deutsch,7,0.0014855687606112054
zentral,7,0.0014855687606112054
kindergeld,7,0.0014855687606112054
ausbau,6,0.0012733446519524619
dauerhaft,6,0.0012733446519524619
staatlich,6,0.0012733446519524619
bürgergeld,6,0.0012733446519524619
wer,6,0.0012733446519524619
jahrzehnt,6,0.0012733446519524619
mindestens,6,0.0012733446519524619
zwei,6,0.0012733446519524619
bereits,6,0.0012733446519524619
behinderung,6,0.0012733446519524619
kulturell,6,0.0012733446519524619
rentenversicherung,6,0.0012733446519524619
bleiben,6,0.0012733446519524619
gesundheitssystem,6,0.0012733446519524619
leisten,6,0.0012733446519524619
klar,6,0.0012733446519524619
prozent,6,0.0012733446519524619
zugleich,6,0.0012733446519524619
system,6,0.0012733446519524619
zugänglich,6,0.0012733446519524619
mittlerer,6,0.0012733446519524619
sicherstellen,6,0.0012733446519524619
darüber,6,0.0012733446519524619
krise,6,0.0012733446519524619
gesellschaftlich,6,0.0012733446519524619
anspruch,6,0.0012733446519524619
schützen,6,0.0012733446519524619
qualität,6,0.0012733446519524619
bafög,6,0.0012733446519524619
betrieblich,6,0.0012733446519524619
rolle,6,0.0012733446519524619
insbesondere,6,0.0012733446519524619
gezielt,6,0.0012733446519524619
reduzieren,6,0.0012733446519524619
besonders,5,0.0010611205432937182
nötig,5,0.0010611205432937182
klein,5,0.0010611205432937182
euro,5,0.0010611205432937182
2030,5,0.0010611205432937182
privat,5,0.0010611205432937182
säule,5,0.0010611205432937182
global,5,0.0010611205432937182
ort,5,0.0010611205432937182
herkunft,5,0.0010611205432937182
gleichzeitig,5,0.0010611205432937182
europa,5,0.0010611205432937182
helfen,5,0.0010611205432937182
lebensverhältnis,5,0.0010611205432937182
gleichwertig,5,0.0010611205432937182
solidarisch,5,0.0010611205432937182
ebenso,5,0.0010611205432937182
vielfalt,5,0.0010611205432937182
beruf,5,0.0010611205432937182
geschlecht,5,0.0010611205432937182
unabhängig,5,0.0010611205432937182
technisch,5,0.0010611205432937182
lange,5,0.0010611205432937182
eltern,5,0.0010611205432937182
berücksichtigen,5,0.0010611205432937182
sicherheit,5,0.0010611205432937182
einfach,5,0.0010611205432937182
kunst,5,0.0010611205432937182
alltag,5,0.0010611205432937182
zusätzlich,5,0.0010611205432937182
respekt,5,0.0010611205432937182
beispiel,5,0.0010611205432937182
verantwortung,5,0.0010611205432937182
arbeiten,5,0.0010611205432937182
gemeinsam,5,0.0010611205432937182
lernen,5,0.0010611205432937182
schritt,5,0.0010611205432937182
gelingen,5,0.0010611205432937182
möglich,5,0.0010611205432937182
nehmen,5,0.0010611205432937182
wirtschaftlich,5,0.0010611205432937182
hinaus,5,0.0010611205432937182
bedeuten,5,0.0010611205432937182
maßnahme,5,0.0010611205432937182
raum,5,0.0010611205432937182
gesundheitsversorgung,5,0.0010611205432937182
frei,5,0.0010611205432937182
modell,5,0.0010611205432937182
medium,5,0.0010611205432937182
sinn,5,0.0010611205432937182
gleichstellung,5,0.0010611205432937182
welt,5,0.0010611205432937182
alt,5,0.0010611205432937182
alter,5,0.0010611205432937182
vertreten,4,0.0008488964346349745
handwerk,4,0.0008488964346349745
pro,4,0.0008488964346349745
ebene,4,0.0008488964346349745
vermögen,4,0.0008488964346349745
gestalten,4,0.0008488964346349745
barrierefrei,4,0.0008488964346349745
modernisieren,4,0.0008488964346349745
ausstattung,4,0.0008488964346349745
lehr,4,0.0008488964346349745
international,4,0.0008488964346349745
dienstleistung,4,0.0008488964346349745
begrenzen,4,0.0008488964346349745
jede*r,4,0.0008488964346349745
transformation,4,0.0008488964346349745
national,4,0.0008488964346349745
psychotherapeutisch,4,0.0008488964346349745
ambulant,4,0.0008488964346349745
umfassend,4,0.0008488964346349745
verbesserung,4,0.0008488964346349745
flächendeckend,4,0.0008488964346349745
investieren,4,0.0008488964346349745
zukünftig,4,0.0008488964346349745
gesundheitlich,4,0.0008488964346349745
zeit,4,0.0008488964346349745
gesundheit,4,0.0008488964346349745
betrieb,4,0.0008488964346349745
lohn,4,0.0008488964346349745
form,4,0.0008488964346349745
einführung,4,0.0008488964346349745
überwinden,4,0.0008488964346349745
umwelt,4,0.0008488964346349745
corona-krise,4,0.0008488964346349745
herausforderung,4,0.0008488964346349745
gehen,4,0.0008488964346349745
gehören,4,0.0008488964346349745
kraft,4,0.0008488964346349745
altersvorsorge,4,0.0008488964346349745
sport,4,0.0008488964346349745
angehörige,4,0.0008488964346349745
modern,4,0.0008488964346349745
vorantreiben,4,0.0008488964346349745
investition,4,0.0008488964346349745
garantieren,4,0.0008488964346349745
armut,4,0.0008488964346349745
wirtschaft,4,0.0008488964346349745
last,4,0.0008488964346349745
weniger,4,0.0008488964346349745
ungleichheit,4,0.0008488964346349745
klimaschutz,4,0.0008488964346349745
dual,4,0.0008488964346349745
arbeitslosenversicherung,4,0.0008488964346349745
kommend,4,0.0008488964346349745
bringen,3,0.0006366723259762309
bzw.,3,0.0006366723259762309
tun,3,0.0006366723259762309
stelle,3,0.0006366723259762309
einrichtung,3,0.0006366723259762309
plattform,3,0.0006366723259762309
wirksam,3,0.0006366723259762309
frage,3,0.0006366723259762309
elternteil,3,0.0006366723259762309
arbeitsbedingung,3,0.0006366723259762309
nahverkehr,3,0.0006366723259762309
stabil,3,0.0006366723259762309
fallpauschale,3,0.0006366723259762309
daran,3,0.0006366723259762309
ersetzen,3,0.0006366723259762309
weltweit,3,0.0006366723259762309
regional,3,0.0006366723259762309
schwerpunkt,3,0.0006366723259762309
blick,3,0.0006366723259762309
folge,3,0.0006366723259762309
pflegerisch,3,0.0006366723259762309
kooperation,3,0.0006366723259762309
klima,3,0.0006366723259762309
aufbauen,3,0.0006366723259762309
überwindung,3,0.0006366723259762309
rechtlich,3,0.0006366723259762309
geraten,3,0.0006366723259762309
gleichermaßen,3,0.0006366723259762309
selbständige,3,0.0006366723259762309
jedoch,3,0.0006366723259762309
teil,3,0.0006366723259762309
integration,3,0.0006366723259762309
voraussetzung,3,0.0006366723259762309
beruflich,3,0.0006366723259762309
pandemie,3,0.0006366723259762309
entscheidend,3,0.0006366723259762309
integriert,3,0.0006366723259762309
chancengleichheit,3,0.0006366723259762309
oft,3,0.0006366723259762309
aktiv,3,0.0006366723259762309
medial,3,0.0006366723259762309
erwachsene,3,0.0006366723259762309
bahn,3,0.0006366723259762309
schließen,3,0.0006366723259762309
sicherungsgeld,3,0.0006366723259762309
stärkung,3,0.0006366723259762309
zug,3,0.0006366723259762309
erwerbstätige,3,0.0006366723259762309
dadurch,3,0.0006366723259762309
sozial-ökologisch,3,0.0006366723259762309
bündeln,3,0.0006366723259762309
entsprechend,3,0.0006366723259762309
künstliche,3,0.0006366723259762309
wegen,3,0.0006366723259762309
gesamt,3,0.0006366723259762309
monat,3,0.0006366723259762309
kultureinrichtung,3,0.0006366723259762309
verfügung,3,0.0006366723259762309
digitalpakt,3,0.0006366723259762309
vier,3,0.0006366723259762309
barrierefreiheit,3,0.0006366723259762309
umsetzung,3,0.0006366723259762309
liegen,3,0.0006366723259762309
einbeziehen,3,0.0006366723259762309
jugendhilfe,3,0.0006366723259762309
bundesweit,3,0.0006366723259762309
hilfe,3,0.0006366723259762309
meistern,3,0.0006366723259762309
perspektive,3,0.0006366723259762309
finanzieren,3,0.0006366723259762309
künftig,3,0.0006366723259762309
betroffener,3,0.0006366723259762309
bewältigen,3,0.0006366723259762309
fordern,3,0.0006366723259762309
finden,3,0.0006366723259762309
programm,3,0.0006366723259762309
orientieren,3,0.0006366723259762309
mindestbesteuerung,3,0.0006366723259762309
politik,3,0.0006366723259762309
medikament,3,0.0006366723259762309
statt,3,0.0006366723259762309
viele,3,0.0006366723259762309
altersversorgung,3,0.0006366723259762309
aktuell,3,0.0006366723259762309
einsetzen,3,0.0006366723259762309
haushalt,3,0.0006366723259762309
notwendig,3,0.0006366723259762309
politisch,3,0.0006366723259762309
elternunabhängig,3,0.0006366723259762309
gewinn,3,0.0006366723259762309
entscheidung,3,0.0006366723259762309
algorithm,3,0.0006366723259762309
tran,3,0.0006366723259762309
staat,3,0.0006366723259762309
datum,3,0.0006366723259762309
verfahren,3,0.0006366723259762309
abbauen,3,0.0006366723259762309
entgegen,3,0.0006366723259762309
ausweiten,3,0.0006366723259762309
klimaneutral,3,0.0006366723259762309
bekämpfung,3,0.0006366723259762309
gering,3,0.0006366723259762309
arm,3,0.0006366723259762309
bekämpfen,3,0.0006366723259762309
konkret,3,0.0006366723259762309
negativ,3,0.0006366723259762309
bieten,3,0.0006366723259762309
tag,3,0.0006366723259762309
praxis,3,0.0006366723259762309
unterschiedlich,3,0.0006366723259762309
halten,3,0.0006366723259762309
gemeinwesen,3,0.0006366723259762309
bedarf,3,0.0006366723259762309
sexuell,3,0.0006366723259762309
darauf,3,0.0006366723259762309
wohnraum,3,0.0006366723259762309
stellen,3,0.0006366723259762309
beispielsweise,3,0.0006366723259762309
senken,3,0.0006366723259762309
einheit,3,0.0006366723259762309
kita,3,0.0006366723259762309
bestehend,3,0.0006366723259762309
klimafreundlich,3,0.0006366723259762309
ganz,3,0.0006366723259762309
vielfältig,3,0.0006366723259762309
möglichst,3,0.0006366723259762309
auflegen,3,0.0006366723259762309
grad,3,0.0006366723259762309
profitieren,3,0.0006366723259762309
rahmen,3,0.0006366723259762309
derjenige,3,0.0006366723259762309
heute,3,0.0006366723259762309
aufnehmen,2,0.00042444821731748726
identität,2,0.00042444821731748726
bedürfnis,2,0.00042444821731748726
gesundheitssektor,2,0.00042444821731748726
sicherung,2,0.00042444821731748726
einsatz,2,0.00042444821731748726
diskriminierungsfrei,2,0.00042444821731748726
öffnen,2,0.00042444821731748726
durchsetzen,2,0.00042444821731748726
prävention,2,0.00042444821731748726
vollständig,2,0.00042444821731748726
lebensunterhalt,2,0.00042444821731748726
kosten,2,0.00042444821731748726
behörde,2,0.00042444821731748726
lebensstandard,2,0.00042444821731748726
breit,2,0.00042444821731748726
täglich,2,0.00042444821731748726
reform,2,0.00042444821731748726
verdienen,2,0.00042444821731748726
veränderung,2,0.00042444821731748726
elterngeldplus,2,0.00042444821731748726
anfang,2,0.00042444821731748726
starten,2,0.00042444821731748726
produkt,2,0.00042444821731748726
medizin,2,0.00042444821731748726
konzentrieren,2,0.00042444821731748726
rückkehr,2,0.00042444821731748726
verteilung,2,0.00042444821731748726
wand,2,0.00042444821731748726
queer,2,0.00042444821731748726
anbieten,2,0.00042444821731748726
rein,2,0.00042444821731748726
gesundheitswirtschaft,2,0.00042444821731748726
stunde,2,0.00042444821731748726
heranziehen,2,0.00042444821731748726
geschlechtergerecht,2,0.00042444821731748726
beamt*inn,2,0.00042444821731748726
schrittweise,2,0.00042444821731748726
erneut,2,0.00042444821731748726
frühkindlich,2,0.00042444821731748726
inklusiv,2,0.00042444821731748726
sanktion,2,0.00042444821731748726
kostengünstig,2,0.00042444821731748726
volkshochschule,2,0.00042444821731748726
pandemiebedingt,2,0.00042444821731748726
überprüfen,2,0.00042444821731748726
studierend,2,0.00042444821731748726
netz,2,0.00042444821731748726
lebensleistung,2,0.00042444821731748726
beinhalten,2,0.00042444821731748726
achten,2,0.00042444821731748726
treten,2,0.00042444821731748726
bislang,2,0.00042444821731748726
persönlich,2,0.00042444821731748726
vermeiden,2,0.00042444821731748726
desto,2,0.00042444821731748726
schlüssel,2,0.00042444821731748726
schüler*inn,2,0.00042444821731748726
vorgehen,2,0.00042444821731748726
direkt,2,0.00042444821731748726
not,2,0.00042444821731748726
fair,2,0.00042444821731748726
partnerschaft,2,0.00042444821731748726
soziokulturell,2,0.00042444821731748726
existenzminimum,2,0.00042444821731748726
erfahrung,2,0.00042444821731748726
alterssicherung,2,0.00042444821731748726
unmittelbar,2,0.00042444821731748726
open,2,0.00042444821731748726
grundlegend,2,0.00042444821731748726
regelmäßig,2,0.00042444821731748726
vermögend,2,0.00042444821731748726
unternehmensgründung,2,0.00042444821731748726
solidaritätszuschlag,2,0.00042444821731748726
lebenslage,2,0.00042444821731748726
software,2,0.00042444821731748726
sozialversicherung,2,0.00042444821731748726
spielraum,2,0.00042444821731748726
union,2,0.00042444821731748726
intelligenz,2,0.00042444821731748726
akut,2,0.00042444821731748726
diskriminierend,2,0.00042444821731748726
elterngeld,2,0.00042444821731748726
koordiniert,2,0.00042444821731748726
kinderkrankentage,2,0.00042444821731748726
energie,2,0.00042444821731748726
museum,2,0.00042444821731748726
wachsend,2,0.00042444821731748726
steuerlich,2,0.00042444821731748726
arbeitszeit,2,0.00042444821731748726
krankenhaus,2,0.00042444821731748726
bereitstellen,2,0.00042444821731748726
ausgabe,2,0.00042444821731748726
drei,2,0.00042444821731748726
weiterentwicklung,2,0.00042444821731748726
letzter,2,0.00042444821731748726
steigern,2,0.00042444821731748726
individuell,2,0.00042444821731748726
gemeinwohl,2,0.00042444821731748726
krankheit,2,0.00042444821731748726
höchstbetrag,2,0.00042444821731748726
gleichberechtigung,2,0.00042444821731748726
bundesprogramm,2,0.00042444821731748726
finanziert,2,0.00042444821731748726
basisbetrag,2,0.00042444821731748726
grundsicherung,2,0.00042444821731748726
weitestgehend,2,0.00042444821731748726
digitalunternehmen,2,0.00042444821731748726
verpflichtend,2,0.00042444821731748726
schwer,2,0.00042444821731748726
schaffung,2,0.00042444821731748726
wirken,2,0.00042444821731748726
ungleich,2,0.00042444821731748726
gesamtstaatlich,2,0.00042444821731748726
vereinbarkeit,2,0.00042444821731748726
fonds,2,0.00042444821731748726
arbeitsmarkt,2,0.00042444821731748726
haushaltsnah,2,0.00042444821731748726
dlz,2,0.00042444821731748726
pflicht,2,0.00042444821731748726
perspektivisch,2,0.00042444821731748726
grundsätzlich,2,0.00042444821731748726
zukunftstechnologie,2,0.00042444821731748726
krankenversicherung,2,0.00042444821731748726
breite,2,0.00042444821731748726
innovativ,2,0.00042444821731748726
beschäftigung,2,0.00042444821731748726
freiwillig,2,0.00042444821731748726
klinik,2,0.00042444821731748726
erkennen,2,0.00042444821731748726
verknüpfen,2,0.00042444821731748726
hochschule,2,0.00042444821731748726
begegnen,2,0.00042444821731748726
bildungsbenachteiligung,2,0.00042444821731748726
erforschung,2,0.00042444821731748726
erheblich,2,0.00042444821731748726
erkenntnis,2,0.00042444821731748726
kurzfristig,2,0.00042444821731748726
abhängig,2,0.00042444821731748726
künstler*inn,2,0.00042444821731748726
ökonomisch,2,0.00042444821731748726
erfahren,2,0.00042444821731748726
bevorzugen,2,0.00042444821731748726
mitbestimmt,2,0.00042444821731748726
sozialpolitisch,2,0.00042444821731748726
dringend,2,0.00042444821731748726
fort,2,0.00042444821731748726
kitas,2,0.00042444821731748726
rahmenbedingung,2,0.00042444821731748726
spitze,2,0.00042444821731748726
bestehen,2,0.00042444821731748726
verpflichten,2,0.00042444821731748726
gefördert,2,0.00042444821731748726
bildungszeit,2,0.00042444821731748726
ungerecht,2,0.00042444821731748726
mehrheit,2,0.00042444821731748726
programmieren,2,0.00042444821731748726
relevant,2,0.00042444821731748726
stationär,2,0.00042444821731748726
bildungsteilzeit,2,0.00042444821731748726
lassen,2,0.00042444821731748726
kindergrundsicherung,2,0.00042444821731748726
effektiv,2,0.00042444821731748726
genannt,2,0.00042444821731748726
mädchen,2,0.00042444821731748726
börsennotiert,2,0.00042444821731748726
ergänzend,2,0.00042444821731748726
steuergerechtigkeit,2,0.00042444821731748726
ausrichten,2,0.00042444821731748726
besteuerung,2,0.00042444821731748726
einheitlich,2,0.00042444821731748726
steuersystem,2,0.00042444821731748726
darunter,2,0.00042444821731748726
berufsschule,2,0.00042444821731748726
benötigen,2,0.00042444821731748726
solo-selbständig,2,0.00042444821731748726
maß,2,0.00042444821731748726
beteiligen,2,0.00042444821731748726
außerschulisch,2,0.00042444821731748726
bürgerversicherung,2,0.00042444821731748726
bisherig,2,0.00042444821731748726
kostenfrei,2,0.00042444821731748726
leistungsfähig,2,0.00042444821731748726
akademisch,2,0.00042444821731748726
corona,2,0.00042444821731748726
geschlechtergerechtigkeit,2,0.00042444821731748726
zusammen,2,0.00042444821731748726
kümmern,2,0.00042444821731748726
beseitigen,2,0.00042444821731748726
klassisch,2,0.00042444821731748726
selbstverständlich,2,0.00042444821731748726
100.000,2,0.00042444821731748726
erleichtern,2,0.00042444821731748726
ernährung,2,0.00042444821731748726
produktion,2,0.00042444821731748726
gemeinde,2,0.00042444821731748726
ländlich,2,0.00042444821731748726
kulturpolitik,2,0.00042444821731748726
beteiligung,2,0.00042444821731748726
heißen,2,0.00042444821731748726
art,2,0.00042444821731748726
gewährleisten,2,0.00042444821731748726
parlament,2,0.00042444821731748726
energiewende,2,0.00042444821731748726
konzept,2,0.00042444821731748726
kulturpolitisch,2,0.00042444821731748726
kampf,2,0.00042444821731748726
verfügen,2,0.00042444821731748726
plastik,2,0.00042444821731748726
zusammenhalt,2,0.00042444821731748726
bus,2,0.00042444821731748726
ökologisch,2,0.00042444821731748726
eng,2,0.00042444821731748726
kostenlos,2,0.00042444821731748726
21.,2,0.00042444821731748726
jahrhundert,2,0.00042444821731748726
unverzichtbar,2,0.00042444821731748726
elektroauto,2,0.00042444821731748726
ladesäul,2,0.00042444821731748726
radfahrer*inn,2,0.00042444821731748726
bahnstreck,2,0.00042444821731748726
anpacken,2,0.00042444821731748726
einrichten,2,0.00042444821731748726
erarbeiten,2,0.00042444821731748726
nächster,2,0.00042444821731748726
fortschritt,2,0.00042444821731748726
etwa,2,0.00042444821731748726
verschieden,2,0.00042444821731748726
bestmöglich,2,0.00042444821731748726
schiene,2,0.00042444821731748726
bemühen,2,0.00042444821731748726
garant,2,0.00042444821731748726
schienengüterverkehr,2,0.00042444821731748726
prüfen,2,0.00042444821731748726
markt,2,0.00042444821731748726
umweltfreundlich,2,0.00042444821731748726
etablieren,2,0.00042444821731748726
filmförderung,2,0.00042444821731748726
künstlerisch,2,0.00042444821731748726
gegenüber,2,0.00042444821731748726
tragen,2,0.00042444821731748726
verankern,2,0.00042444821731748726
verringern,2,0.00042444821731748726
region,2,0.00042444821731748726
zunehmend,2,0.00042444821731748726
standard,2,0.00042444821731748726
neubau,2,0.00042444821731748726
erhöhen,2,0.00042444821731748726
bisher,2,0.00042444821731748726
entstehen,2,0.00042444821731748726
öffentlich-rechtlich,2,0.00042444821731748726
beitragen,2,0.00042444821731748726
basis,2,0.00042444821731748726
wertschätzung,2,0.00042444821731748726
lage,2,0.00042444821731748726
spürbar,2,0.00042444821731748726
mindeststandard,2,0.00042444821731748726
erderwärmung,2,0.00042444821731748726
ausstieg,2,0.00042444821731748726
bauen,2,0.00042444821731748726
mobilitätsplan,2,0.00042444821731748726
"1,5",2,0.00042444821731748726
voranbringen,2,0.00042444821731748726
celsius,2,0.00042444821731748726
zivilgesellschaft,2,0.00042444821731748726
persönlichkeitsentwicklung,2,0.00042444821731748726
spätestens,2,0.00042444821731748726
nutzbar,2,0.00042444821731748726
2045,2,0.00042444821731748726
sorge,2,0.00042444821731748726
hand,2,0.00042444821731748726
aufsetzen,2,0.00042444821731748726
moore,2,0.00042444821731748726
unterricht,2,0.00042444821731748726
lernmaterialie,2,0.00042444821731748726
inklusive,2,0.00042444821731748726
klimaabkommen,2,0.00042444821731748726
vernetzt,2,0.00042444821731748726
erfüllen,2,0.00042444821731748726
klimaziel,2,0.00042444821731748726
verändern,2,0.00042444821731748726
minderungsziel,2,0.00042444821731748726
egal,2,0.00042444821731748726
risiko,2,0.00042444821731748726
verkehr,2,0.00042444821731748726
dienst,2,0.00042444821731748726
ganztagsschule,2,0.00042444821731748726
wald,2,0.00042444821731748726
games,2,0.00042444821731748726
verbinden,2,0.00042444821731748726
vorhanden,2,0.00042444821731748726
interesse,2,0.00042444821731748726
verein,2,0.00042444821731748726
belang,2,0.00042444821731748726
männlich,2,0.00042444821731748726
förderprogramm,2,0.00042444821731748726
jugendarbeit,2,0.00042444821731748726
esports,2,0.00042444821731748726
bestätigen,2,0.00042444821731748726
anweisen,2,0.00042444821731748726
verteilen,2,0.00042444821731748726
erhalt,2,0.00042444821731748726
schienenverkehr,2,0.00042444821731748726
abhilfe,1,0.00021222410865874363
daseinsvorsorge,1,0.00021222410865874363
obdachlosigkeit,1,0.00021222410865874363
abgerutscht,1,0.00021222410865874363
katastrophenschutzmechanismus,1,0.00021222410865874363
streng,1,0.00021222410865874363
beschaffung,1,0.00021222410865874363
housing-first-konzept,1,0.00021222410865874363
erfolgsquot,1,0.00021222410865874363
bodenpolitik,1,0.00021222410865874363
arbeitsunfall,1,0.00021222410865874363
vermitteln,1,0.00021222410865874363
lebensbedingung,1,0.00021222410865874363
schwarzarbeit,1,0.00021222410865874363
projekt,1,0.00021222410865874363
generationenübergreifenden,1,0.00021222410865874363
person,1,0.00021222410865874363
pflanze,1,0.00021222410865874363
alternativ,1,0.00021222410865874363
wohnungsbau,1,0.00021222410865874363
mittler,1,0.00021222410865874363
wohnungsmarkt,1,0.00021222410865874363
jährlich,1,0.00021222410865874363
lag,1,0.00021222410865874363
verwundbarkeit,1,0.00021222410865874363
medaille,1,0.00021222410865874363
strategisch,1,0.00021222410865874363
sozialwohnung,1,0.00021222410865874363
anbieter,1,0.00021222410865874363
seite,1,0.00021222410865874363
herstellung,1,0.00021222410865874363
einsparen,1,0.00021222410865874363
umweltgesetzgebung,1,0.00021222410865874363
fehlend,1,0.00021222410865874363
segment,1,0.00021222410865874363
praktik,1,0.00021222410865874363
erforderlich,1,0.00021222410865874363
daneben,1,0.00021222410865874363
offengelegen,1,0.00021222410865874363
vorreiterrolle,1,0.00021222410865874363
fahren,1,0.00021222410865874363
wohnungsgemeinnützigkeit,1,0.00021222410865874363
emission,1,0.00021222410865874363
geringverdiener*in,1,0.00021222410865874363
gewinnorientiert,1,0.00021222410865874363
einnehmen,1,0.00021222410865874363
schulpflicht,1,0.00021222410865874363
wohnform,1,0.00021222410865874363
rechtfertigen,1,0.00021222410865874363
höchstens,1,0.00021222410865874363
200,1,0.00021222410865874363
nutztierhaltung,1,0.00021222410865874363
zehn,1,0.00021222410865874363
vollzeit,1,0.00021222410865874363
alleinerziehend,1,0.00021222410865874363
tierwohl,1,0.00021222410865874363
flächenbezogen,1,0.00021222410865874363
obergrenze,1,0.00021222410865874363
antibiotikaeinsatz,1,0.00021222410865874363
beide,1,0.00021222410865874363
paarfamilie,1,0.00021222410865874363
lebensjahr,1,0.00021222410865874363
elternteilzeit,1,0.00021222410865874363
flexibl,1,0.00021222410865874363
tierwohllabel,1,0.00021222410865874363
partnerschaftsbonus,1,0.00021222410865874363
900,1,0.00021222410865874363
elternzeit,1,0.00021222410865874363
nachvollziehbar,1,0.00021222410865874363
tierleid,1,0.00021222410865874363
schon,1,0.00021222410865874363
angepasst,1,0.00021222410865874363
alleinerziehender,1,0.00021222410865874363
maximal,1,0.00021222410865874363
biodiversität,1,0.00021222410865874363
landwirtschaft,1,0.00021222410865874363
erhöht,1,0.00021222410865874363
artenvielfalt,1,0.00021222410865874363
ausweitung,1,0.00021222410865874363
dritter,1,0.00021222410865874363
anstehen,1,0.00021222410865874363
umzug,1,0.00021222410865874363
einschulung,1,0.00021222410865874363
kleinkindalter,1,0.00021222410865874363
jenseits,1,0.00021222410865874363
geburtstag,1,0.00021222410865874363
achter,1,0.00021222410865874363
derzeitig,1,0.00021222410865874363
regel,1,0.00021222410865874363
quartier,1,0.00021222410865874363
vier-säulen-modell,1,0.00021222410865874363
gesundheitsfördernd,1,0.00021222410865874363
geschlechtern,1,0.00021222410865874363
gemeinschaftsverpflegung,1,0.00021222410865874363
sorgearbeit,1,0.00021222410865874363
erwerbs,1,0.00021222410865874363
überwiegend,1,0.00021222410865874363
fürsorgearbeit,1,0.00021222410865874363
ernährungsarmut,1,0.00021222410865874363
schulverpflegung,1,0.00021222410865874363
alltagshilfe,1,0.00021222410865874363
kindererziehung,1,0.00021222410865874363
zumal,1,0.00021222410865874363
spagat,1,0.00021222410865874363
nein,1,0.00021222410865874363
gentechnisch,1,0.00021222410865874363
verändert,1,0.00021222410865874363
familienarbeit,1,0.00021222410865874363
aufzuteilen,1,0.00021222410865874363
richtung,1,0.00021222410865874363
familienarbeitszeit,1,0.00021222410865874363
familienzeit,1,0.00021222410865874363
transport,1,0.00021222410865874363
zweiter,1,0.00021222410865874363
sorgeaufgaben,1,0.00021222410865874363
aufteilung,1,0.00021222410865874363
phase,1,0.00021222410865874363
allererst,1,0.00021222410865874363
lebend,1,0.00021222410865874363
partner*in,1,0.00021222410865874363
tier,1,0.00021222410865874363
acht,1,0.00021222410865874363
vater,1,0.00021222410865874363
geburt,1,0.00021222410865874363
elternschaftszeit,1,0.00021222410865874363
woche,1,0.00021222410865874363
nahrungserzeugung,1,0.00021222410865874363
wirkung,1,0.00021222410865874363
gesund,1,0.00021222410865874363
europäer*inn,1,0.00021222410865874363
grundsicherungssystem,1,0.00021222410865874363
gleichwertigkeit,1,0.00021222410865874363
aufbau,1,0.00021222410865874363
ruf,1,0.00021222410865874363
friedensprozeß,1,0.00021222410865874363
aushandlungsprozesse,1,0.00021222410865874363
selbstständig,1,0.00021222410865874363
vn-resolution,1,0.00021222410865874363
solidarität,1,0.00021222410865874363
beibehalten,1,0.00021222410865874363
abschlagsfrei,1,0.00021222410865874363
1325,1,0.00021222410865874363
regelaltersgrenze,1,0.00021222410865874363
frieden,1,0.00021222410865874363
versicherte,1,0.00021222410865874363
langjährig,1,0.00021222410865874363
rentenkürzung,1,0.00021222410865874363
renteneintrittsalter,1,0.00021222410865874363
anhebung,1,0.00021222410865874363
lehnen,1,0.00021222410865874363
konservativ,1,0.00021222410865874363
arbeitgeber,1,0.00021222410865874363
mandatsträger*inn,1,0.00021222410865874363
angehören,1,0.00021222410865874363
süden,1,0.00021222410865874363
transparenz,1,0.00021222410865874363
behandeln,1,0.00021222410865874363
tätigkeit,1,0.00021222410865874363
familienbedingen,1,0.00021222410865874363
arzneimittel,1,0.00021222410865874363
erwerbsminderungsrentner*inn,1,0.00021222410865874363
heutig,1,0.00021222410865874363
armutsrisiken,1,0.00021222410865874363
impfstoff,1,0.00021222410865874363
beeinträchtigung,1,0.00021222410865874363
gesamtheit,1,0.00021222410865874363
jemand,1,0.00021222410865874363
einhergehend,1,0.00021222410865874363
gesamtniveau,1,0.00021222410865874363
reproduktiv,1,0.00021222410865874363
elite,1,0.00021222410865874363
zusammenführung,1,0.00021222410865874363
sicht,1,0.00021222410865874363
sondersystem,1,0.00021222410865874363
grundrent,1,0.00021222410865874363
regierung,1,0.00021222410865874363
ergeben,1,0.00021222410865874363
wert,1,0.00021222410865874363
gänglich,1,0.00021222410865874363
zu-,1,0.00021222410865874363
beraten,1,0.00021222410865874363
bürgerservice,1,0.00021222410865874363
umweg,1,0.00021222410865874363
hürde,1,0.00021222410865874363
suchen,1,0.00021222410865874363
jederzeit,1,0.00021222410865874363
wunsch,1,0.00021222410865874363
basierend,1,0.00021222410865874363
verwirklichen,1,0.00021222410865874363
sozioökonomisch,1,0.00021222410865874363
mitten,1,0.00021222410865874363
beginn,1,0.00021222410865874363
unwürdig,1,0.00021222410865874363
natur,1,0.00021222410865874363
sinnwidrige,1,0.00021222410865874363
teilhabevereinbarung,1,0.00021222410865874363
aufsuchend,1,0.00021222410865874363
beschwerlich,1,0.00021222410865874363
rentenniveau,1,0.00021222410865874363
seelisch,1,0.00021222410865874363
rentenleistung,1,0.00021222410865874363
einbüßen,1,0.00021222410865874363
erworben,1,0.00021222410865874363
eigenständig,1,0.00021222410865874363
materiell,1,0.00021222410865874363
vn-frauenrechtskonvention,1,0.00021222410865874363
anwenden,1,0.00021222410865874363
wohl,1,0.00021222410865874363
anti-gender-bewegung,1,0.00021222410865874363
entgegenzutreten,1,0.00021222410865874363
aktivität,1,0.00021222410865874363
gesundheitsprävention,1,0.00021222410865874363
beratend,1,0.00021222410865874363
danach,1,0.00021222410865874363
begleiten,1,0.00021222410865874363
geltend,1,0.00021222410865874363
rechtsansprüche,1,0.00021222410865874363
zugewandt,1,0.00021222410865874363
langjährige,1,0.00021222410865874363
basisschutzsystem,1,0.00021222410865874363
eurozone,1,0.00021222410865874363
schwiegerelter,1,0.00021222410865874363
eigenanteil,1,0.00021222410865874363
kindergarantie,1,0.00021222410865874363
pflegebedürftig,1,0.00021222410865874363
dorthin,1,0.00021222410865874363
vielerorts,1,0.00021222410865874363
abdecken,1,0.00021222410865874363
bedarfe,1,0.00021222410865874363
vollversicherung,1,0.00021222410865874363
aufkommen,1,0.00021222410865874363
spät,1,0.00021222410865874363
pflegekost,1,0.00021222410865874363
jugendarbeitslosigkeit,1,0.00021222410865874363
jugendgarantie,1,0.00021222410865874363
beschränken,1,0.00021222410865874363
impfkontingent,1,0.00021222410865874363
geflüchtet,1,0.00021222410865874363
einkommensgruppe,1,0.00021222410865874363
unt,1,0.00021222410865874363
zuschuß,1,0.00021222410865874363
deckeln,1,0.00021222410865874363
zukünftige,1,0.00021222410865874363
kinderarmut,1,0.00021222410865874363
bedarfsgerechen,1,0.00021222410865874363
dienstleistungszentren,1,0.00021222410865874363
modellprojekt,1,0.00021222410865874363
klarheit,1,0.00021222410865874363
schock,1,0.00021222410865874363
arbeitslosenrückversicherung,1,0.00021222410865874363
mitgliedstaat,1,0.00021222410865874363
24-stunden-pflege,1,0.00021222410865874363
sicherungsfunktion,1,0.00021222410865874363
pflegeinfrastruktur,1,0.00021222410865874363
kostensteigerung,1,0.00021222410865874363
bundeszuschuss,1,0.00021222410865874363
dynamisch,1,0.00021222410865874363
rungsbeiträg,1,0.00021222410865874363
pflegeversiche-,1,0.00021222410865874363
steigend,1,0.00021222410865874363
moderat,1,0.00021222410865874363
mix,1,0.00021222410865874363
knapp,1,0.00021222410865874363
vertrag,1,0.00021222410865874363
institution,1,0.00021222410865874363
vorbild,1,0.00021222410865874363
altersversorgungsforme,1,0.00021222410865874363
klimaschutzverpflichtung,1,0.00021222410865874363
gemäß,1,0.00021222410865874363
pariser,1,0.00021222410865874363
einlösen,1,0.00021222410865874363
doppelverbeitragung,1,0.00021222410865874363
vollverbeitragung,1,0.00021222410865874363
abschaffung,1,0.00021222410865874363
intakt,1,0.00021222410865874363
kollektiv,1,0.00021222410865874363
versicherter,1,0.00021222410865874363
vereinbart,1,0.00021222410865874363
tarifvertraglich,1,0.00021222410865874363
kernaufgabe,1,0.00021222410865874363
sozialdemokratisch,1,0.00021222410865874363
einsteigen,1,0.00021222410865874363
altersarmut,1,0.00021222410865874363
auswirken,1,0.00021222410865874363
familienmitglied,1,0.00021222410865874363
betriebsrent,1,0.00021222410865874363
einräumen,1,0.00021222410865874363
schwedisch,1,0.00021222410865874363
hemmnis,1,0.00021222410865874363
wettlauf,1,0.00021222410865874363
unten,1,0.00021222410865874363
umweltstandard,1,0.00021222410865874363
grenzüberschreitend,1,0.00021222410865874363
standardisiert,1,0.00021222410865874363
attraktiv,1,0.00021222410865874363
bürger,1,0.00021222410865874363
bürgerin,1,0.00021222410865874363
bürokratisch,1,0.00021222410865874363
umfang,1,0.00021222410865874363
zurücklassen,1,0.00021222410865874363
messlatte,1,0.00021222410865874363
zufriedenstellend,1,0.00021222410865874363
riester-rente,1,0.00021222410865874363
ergebnis,1,0.00021222410865874363
hunger,1,0.00021222410865874363
ersatz,1,0.00021222410865874363
versichern,1,0.00021222410865874363
vernässen,1,0.00021222410865874363
aufwachse,1,0.00021222410865874363
kita-jahr,1,0.00021222410865874363
kulturort,1,0.00021222410865874363
aufrechterhalten,1,0.00021222410865874363
produktionsmöglichkeite,1,0.00021222410865874363
mitentscheiden,1,0.00021222410865874363
personalrekrutierung,1,0.00021222410865874363
digitalisierungsbezogen,1,0.00021222410865874363
inhalt,1,0.00021222410865874363
barriere,1,0.00021222410865874363
geschlechtsbezogen,1,0.00021222410865874363
förderstrategie,1,0.00021222410865874363
mint,1,0.00021222410865874363
szene,1,0.00021222410865874363
verstärkt,1,0.00021222410865874363
naturwissenschaftlich,1,0.00021222410865874363
offenstehen,1,0.00021222410865874363
weiterhin,1,0.00021222410865874363
theater,1,0.00021222410865874363
musikclub,1,0.00021222410865874363
zentrum,1,0.00021222410865874363
technik,1,0.00021222410865874363
niemals,1,0.00021222410865874363
diskriminieren,1,0.00021222410865874363
verantwortungsvoll,1,0.00021222410865874363
freiheit,1,0.00021222410865874363
verhütungsmittel,1,0.00021222410865874363
kulturproduzent*inn,1,0.00021222410865874363
entlassen,1,0.00021222410865874363
verband,1,0.00021222410865874363
diagnosebezogen,1,0.00021222410865874363
geburtshilfe,1,0.00021222410865874363
kulturkonsen,1,0.00021222410865874363
bündnis,1,0.00021222410865874363
geburtshaus,1,0.00021222410865874363
intelligenze,1,0.00021222410865874363
zertifizieren,1,0.00021222410865874363
basieren,1,0.00021222410865874363
datenlag,1,0.00021222410865874363
mieren,1,0.00021222410865874363
staatsziel,1,0.00021222410865874363
program-,1,0.00021222410865874363
grundgesetz,1,0.00021222410865874363
vorurteilsfrei,1,0.00021222410865874363
bibliothek,1,0.00021222410865874363
früh,1,0.00021222410865874363
musikschule,1,0.00021222410865874363
kinoförderung,1,0.00021222410865874363
führungseben,1,0.00021222410865874363
film,1,0.00021222410865874363
bewahren,1,0.00021222410865874363
filmerbe,1,0.00021222410865874363
entscheidungsgremium,1,0.00021222410865874363
effizient,1,0.00021222410865874363
finanzierungsbasis,1,0.00021222410865874363
paritätisch,1,0.00021222410865874363
kino,1,0.00021222410865874363
start-ups,1,0.00021222410865874363
vorstand,1,0.00021222410865874363
regeln,1,0.00021222410865874363
aufsichtsrat,1,0.00021222410865874363
quote,1,0.00021222410865874363
unternehmensspitz,1,0.00021222410865874363
präsenz,1,0.00021222410865874363
arbeitsteam,1,0.00021222410865874363
geschlechterparitätisch,1,0.00021222410865874363
genauso,1,0.00021222410865874363
tech-unternehm,1,0.00021222410865874363
durchschnitt,1,0.00021222410865874363
maschine,1,0.00021222410865874363
versetzen,1,0.00021222410865874363
selten,1,0.00021222410865874363
tech,1,0.00021222410865874363
dominieren,1,0.00021222410865874363
bundeskulturfonds,1,0.00021222410865874363
it-berufe,1,0.00021222410865874363
lovelace,1,0.00021222410865874363
ada,1,0.00021222410865874363
freiräume,1,0.00021222410865874363
buchstäblich,1,0.00021222410865874363
anteil,1,0.00021222410865874363
filmförderanstalt,1,0.00021222410865874363
ffa,1,0.00021222410865874363
novelle,1,0.00021222410865874363
filmfördergesetz,1,0.00021222410865874363
einnahmebasis,1,0.00021222410865874363
filmschaffend,1,0.00021222410865874363
ausstrahlung,1,0.00021222410865874363
verhütungsmethode,1,0.00021222410865874363
kulturplenum,1,0.00021222410865874363
ehe,1,0.00021222410865874363
sozialdemokraten*inne,1,0.00021222410865874363
personengruppe,1,0.00021222410865874363
fortzubild,1,0.00021222410865874363
aufzusteigen,1,0.00021222410865874363
freizeiteinrichtung,1,0.00021222410865874363
sporthallen,1,0.00021222410865874363
inklusion,1,0.00021222410865874363
leistungssport,1,0.00021222410865874363
mangel,1,0.00021222410865874363
ausgleichsabgabe,1,0.00021222410865874363
beheben,1,0.00021222410865874363
verfassungswerte,1,0.00021222410865874363
wettbewerbe,1,0.00021222410865874363
vorleben,1,0.00021222410865874363
spitzensport,1,0.00021222410865874363
verlieren,1,0.00021222410865874363
schwerbehindertenvertretunge,1,0.00021222410865874363
miteinander,1,0.00021222410865874363
blutspende,1,0.00021222410865874363
marginalisiert,1,0.00021222410865874363
initiieren,1,0.00021222410865874363
bundesärztekammer,1,0.00021222410865874363
islamfeindlichkeit,1,0.00021222410865874363
arbeitsverbot,1,0.00021222410865874363
enkel,1,0.00021222410865874363
damals,1,0.00021222410865874363
gastarbeiter*inne,1,0.00021222410865874363
vertragsarbeiter*in,1,0.00021222410865874363
lsbtiq*-feindlichkeit,1,0.00021222410865874363
sexismus,1,0.00021222410865874363
antifeminismus,1,0.00021222410865874363
60er,1,0.00021222410865874363
ressource,1,0.00021222410865874363
antiziganismus,1,0.00021222410865874363
antisemitismus,1,0.00021222410865874363
rechtsextremismus,1,0.00021222410865874363
rassismus,1,0.00021222410865874363
nachdrücklich,1,0.00021222410865874363
gleichbehandlungsgesetz,1,0.00021222410865874363
allgemein,1,0.00021222410865874363
antidiskriminierungsstelle,1,0.00021222410865874363
bundesland,1,0.00021222410865874363
richtlinie,1,0.00021222410865874363
spitzengespräche,1,0.00021222410865874363
angesichts,1,0.00021222410865874363
bisexuelle,1,0.00021222410865874363
zurzeit,1,0.00021222410865874363
schwule,1,0.00021222410865874363
bewegen,1,0.00021222410865874363
kern,1,0.00021222410865874363
lesbe,1,0.00021222410865874363
anerkennung,1,0.00021222410865874363
augenhöhe,1,0.00021222410865874363
gleichberechtigt,1,0.00021222410865874363
inter,1,0.00021222410865874363
abs.,1,0.00021222410865874363
existentiell,1,0.00021222410865874363
geschlechtlich,1,0.00021222410865874363
diskriminierungsverbot,1,0.00021222410865874363
familienmodell,1,0.00021222410865874363
verständigen,1,0.00021222410865874363
trauschein,1,0.00021222410865874363
hängen,1,0.00021222410865874363
debatte,1,0.00021222410865874363
katalysator,1,0.00021222410865874363
auffordern,1,0.00021222410865874363
polizeialltag,1,0.00021222410865874363
hinwirken,1,0.00021222410865874363
problem,1,0.00021222410865874363
weise,1,0.00021222410865874363
entstehung,1,0.00021222410865874363
richten,1,0.00021222410865874363
ächtung,1,0.00021222410865874363
rassistisch,1,0.00021222410865874363
denkmuster,1,0.00021222410865874363
interphobie,1,0.00021222410865874363
inspirationsquelle,1,0.00021222410865874363
homo,1,0.00021222410865874363
aktionsplan,1,0.00021222410865874363
ermöglichung,1,0.00021222410865874363
inter*person,1,0.00021222410865874363
supervision,1,0.00021222410865874363
lsbtiq*-familien,1,0.00021222410865874363
lebensnotwendig,1,0.00021222410865874363
lsbtiq,1,0.00021222410865874363
wirtschaften,1,0.00021222410865874363
entlohnung,1,0.00021222410865874363
häufig,1,0.00021222410865874363
festlegen,1,0.00021222410865874363
zusammenbringen,1,0.00021222410865874363
entwicklungsraum,1,0.00021222410865874363
medienwelt,1,0.00021222410865874363
bildungsangebot,1,0.00021222410865874363
wohnkostenpauschale,1,0.00021222410865874363
natürlich,1,0.00021222410865874363
sächlich,1,0.00021222410865874363
doppelt,1,0.00021222410865874363
lebensraum,1,0.00021222410865874363
250,1,0.00021222410865874363
zirka,1,0.00021222410865874363
verschmutzung,1,0.00021222410865874363
meer,1,0.00021222410865874363
monatlich,1,0.00021222410865874363
leicht,1,0.00021222410865874363
unterstützungsbedarf,1,0.00021222410865874363
staffeln,1,0.00021222410865874363
ausgezahlt,1,0.00021222410865874363
automatisch,1,0.00021222410865874363
teilhabekost,1,0.00021222410865874363
enthalten,1,0.00021222410865874363
kinderfreibetrag,1,0.00021222410865874363
binden,1,0.00021222410865874363
freiwilligengeld,1,0.00021222410865874363
jugendfreiwilligendienst,1,0.00021222410865874363
engagement,1,0.00021222410865874363
jugendwohn,1,0.00021222410865874363
auszubildender,1,0.00021222410865874363
identitätsbildung,1,0.00021222410865874363
kommunikation,1,0.00021222410865874363
wohnheimangebot,1,0.00021222410865874363
bildungseinrichtung,1,0.00021222410865874363
netzcommunity,1,0.00021222410865874363
stattfinden,1,0.00021222410865874363
kreativ,1,0.00021222410865874363
unterstützungsleistung,1,0.00021222410865874363
betreffen,1,0.00021222410865874363
obendrauf,1,0.00021222410865874363
fördersatz,1,0.00021222410865874363
auskömmlich,1,0.00021222410865874363
auszahlung,1,0.00021222410865874363
existenzsichernd,1,0.00021222410865874363
alarmierend,1,0.00021222410865874363
fahrt,1,0.00021222410865874363
erwerbsarbeit,1,0.00021222410865874363
aufteilbar,1,0.00021222410865874363
pflegeperson,1,0.00021222410865874363
mehrere,1,0.00021222410865874363
pflegegrad,1,0.00021222410865874363
nah,1,0.00021222410865874363
arbeitszeitreduzierung,1,0.00021222410865874363
lohnersatz,1,0.00021222410865874363
kombinieren,1,0.00021222410865874363
pflegen,1,0.00021222410865874363
wälder,1,0.00021222410865874363
vierter,1,0.00021222410865874363
familienpflegezeit,1,0.00021222410865874363
organisieren,1,0.00021222410865874363
trockengelegen,1,0.00021222410865874363
stil,1,0.00021222410865874363
betreuungsbedarf,1,0.00021222410865874363
kurzzeitig,1,0.00021222410865874363
krank,1,0.00021222410865874363
mindestarbeitszeit,1,0.00021222410865874363
moor,1,0.00021222410865874363
schulkind,1,0.00021222410865874363
genau,1,0.00021222410865874363
ganztagsangebot,1,0.00021222410865874363
plastikflut,1,0.00021222410865874363
zurückdrängen,1,0.00021222410865874363
unnötig,1,0.00021222410865874363
biodiversitätspolitik,1,0.00021222410865874363
beitragsfrei,1,0.00021222410865874363
ökosystem,1,0.00021222410865874363
wiederherstellen,1,0.00021222410865874363
dünger,1,0.00021222410865874363
fallen,1,0.00021222410865874363
pestizide,1,0.00021222410865874363
erwachsenenleben,1,0.00021222410865874363
leistungsstark,1,0.00021222410865874363
besuchen,1,0.00021222410865874363
geborg,1,0.00021222410865874363
bestmögliche,1,0.00021222410865874363
ermutigen,1,0.00021222410865874363
kohlenstoffsenken,1,0.00021222410865874363
gestaffelt,1,0.00021222410865874363
akteur,1,0.00021222410865874363
werbefrei,1,0.00021222410865874363
familienpolitik,1,0.00021222410865874363
finanzpolitik,1,0.00021222410865874363
führungsposition,1,0.00021222410865874363
rechtspolitik,1,0.00021222410865874363
sozialpolitik,1,0.00021222410865874363
gremium,1,0.00021222410865874363
jurys,1,0.00021222410865874363
arbeitsmarktpolitik,1,0.00021222410865874363
selbstbewusstsein,1,0.00021222410865874363
ziehen,1,0.00021222410865874363
gleichstellungsstrategie,1,0.00021222410865874363
querschnittsaufgabe,1,0.00021222410865874363
schulisch,1,0.00021222410865874363
mediathek,1,0.00021222410865874363
ankommen,1,0.00021222410865874363
kunstprojekt,1,0.00021222410865874363
zuletzt,1,0.00021222410865874363
sozialkriterie,1,0.00021222410865874363
kulturveranstaltung,1,0.00021222410865874363
haushaltssteuerung,1,0.00021222410865874363
bundesregierung,1,0.00021222410865874363
benachteiligt,1,0.00021222410865874363
potentiale,1,0.00021222410865874363
zukunftskonzept,1,0.00021222410865874363
film-community,1,0.00021222410865874363
gehalt,1,0.00021222410865874363
kulturgut,1,0.00021222410865874363
verwaltung,1,0.00021222410865874363
entgelttransparenzgesetz,1,0.00021222410865874363
prinzip,1,0.00021222410865874363
innovationsmotor,1,0.00021222410865874363
bundestag,1,0.00021222410865874363
verbindlich,1,0.00021222410865874363
paritätsgesetze,1,0.00021222410865874363
unzureichend,1,0.00021222410865874363
repräsentation,1,0.00021222410865874363
computerspiel,1,0.00021222410865874363
gemeinnützig,1,0.00021222410865874363
politikbereich,1,0.00021222410865874363
fahrplan,1,0.00021222410865874363
diversität,1,0.00021222410865874363
alleine,1,0.00021222410865874363
maßgebend,1,0.00021222410865874363
ganztagangebot,1,0.00021222410865874363
medienanbieter,1,0.00021222410865874363
journalisti,1,0.00021222410865874363
sch,1,0.00021222410865874363
wünschen,1,0.00021222410865874363
berichterstattung,1,0.00021222410865874363
verlag,1,0.00021222410865874363
digitale,1,0.00021222410865874363
bildungsgerechtigkeit,1,0.00021222410865874363
grundschulalter,1,0.00021222410865874363
verfügbar,1,0.00021222410865874363
präsenzunterricht,1,0.00021222410865874363
betreuungsangebot,1,0.00021222410865874363
kulturinhalt,1,0.00021222410865874363
vernetzung,1,0.00021222410865874363
ganztägig,1,0.00021222410865874363
rechtsanspruch,1,0.00021222410865874363
lebensort,1,0.00021222410865874363
zusammenarbeit,1,0.00021222410865874363
lern-,1,0.00021222410865874363
einschränkung,1,0.00021222410865874363
tiefgreifend,1,0.00021222410865874363
bund-länder-zusammenarbeit,1,0.00021222410865874363
medienpolitik,1,0.00021222410865874363
erlösmodelle,1,0.00021222410865874363
zukunftszentrum,1,0.00021222410865874363
grundsatz,1,0.00021222410865874363
kommunikativ,1,0.00021222410865874363
pluralismus,1,0.00021222410865874363
chancenhelfer,1,0.00021222410865874363
schulsozialarbeit,1,0.00021222410865874363
begreifen,1,0.00021222410865874363
bundesinitiativ,1,0.00021222410865874363
drohen,1,0.00021222410865874363
gesellschaftspolitik,1,0.00021222410865874363
grund,1,0.00021222410865874363
verstärken,1,0.00021222410865874363
verfestigen,1,0.00021222410865874363
rundfunk,1,0.00021222410865874363
familienhintergrund,1,0.00021222410865874363
bildungserfolg,1,0.00021222410865874363
verbindung,1,0.00021222410865874363
erarbeitet,1,0.00021222410865874363
google,1,0.00021222410865874363
eingliederungsvereinbarungen,1,0.00021222410865874363
persönlichkeitsbildung,1,0.00021222410865874363
schulgebäude,1,0.00021222410865874363
sanierungsbedarf,1,0.00021222410865874363
sowohl,1,0.00021222410865874363
modernisierungsprogramm,1,0.00021222410865874363
lehrmittelfreiheit,1,0.00021222410865874363
konjunkturpaket,1,0.00021222410865874363
internet,1,0.00021222410865874363
endgerät,1,0.00021222410865874363
schüler*in,1,0.00021222410865874363
ausstatten,1,0.00021222410865874363
erstklassig,1,0.00021222410865874363
verfolgen,1,0.00021222410865874363
zwischenziel,1,0.00021222410865874363
versorgungsverpflichtung,1,0.00021222410865874363
festgelegt,1,0.00021222410865874363
sekunde,1,0.00021222410865874363
gigabit,1,0.00021222410865874363
bandbreite,1,0.00021222410865874363
einhalten,1,0.00021222410865874363
versprechen,1,0.00021222410865874363
gigabit-gesellschaft,1,0.00021222410865874363
umfassen,1,0.00021222410865874363
unbürokratisch,1,0.00021222410865874363
grundausstattung,1,0.00021222410865874363
datenschutzkonform,1,0.00021222410865874363
lehren,1,0.00021222410865874363
kompetenzzentren,1,0.00021222410865874363
lehrkräften,1,0.00021222410865874363
fortbildung,1,0.00021222410865874363
binnendifferenzierung,1,0.00021222410865874363
individualisieren,1,0.00021222410865874363
lernprozesse,1,0.00021222410865874363
lernsoftwar,1,0.00021222410865874363
intelligent,1,0.00021222410865874363
medienkompetenz,1,0.00021222410865874363
legen,1,0.00021222410865874363
vernetzen,1,0.00021222410865874363
dezentral,1,0.00021222410865874363
offen,1,0.00021222410865874363
unterrichtskonzept,1,0.00021222410865874363
länderübergreifend,1,0.00021222410865874363
beauftragen,1,0.00021222410865874363
open-source-,1,0.00021222410865874363
ganzheitlich,1,0.00021222410865874363
koordinierung,1,0.00021222410865874363
2020er,1,0.00021222410865874363
internetzugang,1,0.00021222410865874363
bezahlbarer,1,0.00021222410865874363
nachtzugverbindung,1,0.00021222410865874363
sitzplatz,1,0.00021222410865874363
reservierungsmöglichkeit,1,0.00021222410865874363
w-lan,1,0.00021222410865874363
komfortabl,1,0.00021222410865874363
taktung,1,0.00021222410865874363
reaktivierung,1,0.00021222410865874363
bussen,1,0.00021222410865874363
attraktivität,1,0.00021222410865874363
nachbarland,1,0.00021222410865874363
anschließen,1,0.00021222410865874363
erneuerung,1,0.00021222410865874363
fernverkehrsnetz,1,0.00021222410865874363
großstadt,1,0.00021222410865874363
bahnhof,1,0.00021222410865874363
attraktivitätssteigerung,1,0.00021222410865874363
lärmschutz,1,0.00021222410865874363
schienennetz,1,0.00021222410865874363
hierfür,1,0.00021222410865874363
deutschlandtakt,1,0.00021222410865874363
rasch,1,0.00021222410865874363
digitalisieren,1,0.00021222410865874363
loks,1,0.00021222410865874363
zugutekommen,1,0.00021222410865874363
evaluieren,1,0.00021222410865874363
bildungssystem,1,0.00021222410865874363
weltniveau,1,0.00021222410865874363
bundesautobahn,1,0.00021222410865874363
130,1,0.00021222410865874363
tempolimit,1,0.00021222410865874363
herstellen,1,0.00021222410865874363
ladepunkt,1,0.00021222410865874363
erreichbarkeit,1,0.00021222410865874363
versorgungsauflag,1,0.00021222410865874363
vierteljährlich,1,0.00021222410865874363
waggon,1,0.00021222410865874363
diesel,1,0.00021222410865874363
benzin,1,0.00021222410865874363
tanken,1,0.00021222410865874363
stromtanken,1,0.00021222410865874363
hierzu,1,0.00021222410865874363
kapazitätsaufbau,1,0.00021222410865874363
parallel,1,0.00021222410865874363
straße,1,0.00021222410865874363
kostennachteil,1,0.00021222410865874363
digitales,1,0.00021222410865874363
kompetenz,1,0.00021222410865874363
verkehrspolitisch,1,0.00021222410865874363
pädagogisch,1,0.00021222410865874363
erwachsen,1,0.00021222410865874363
weiß,1,0.00021222410865874363
zumeist,1,0.00021222410865874363
versorgungspraxis,1,0.00021222410865874363
gesundheitsforschung,1,0.00021222410865874363
sicherstellungsauftrag,1,0.00021222410865874363
diagnostisch,1,0.00021222410865874363
diagnostik,1,0.00021222410865874363
behandlung,1,0.00021222410865874363
verhältnis,1,0.00021222410865874363
bewirken,1,0.00021222410865874363
personalisierte,1,0.00021222410865874363
zulassung,1,0.00021222410865874363
adaptiv,1,0.00021222410865874363
stange,1,0.00021222410865874363
präparat,1,0.00021222410865874363
maßgefertigte,1,0.00021222410865874363
preis,1,0.00021222410865874363
erschwinglich,1,0.00021222410865874363
personalisiert,1,0.00021222410865874363
medizinprodukt,1,0.00021222410865874363
probanden–,1,0.00021222410865874363
ändern,1,0.00021222410865874363
krankheitsfrüherkennung,1,0.00021222410865874363
haus,1,0.00021222410865874363
entschlossen,1,0.00021222410865874363
diagnose,1,0.00021222410865874363
potenziale,1,0.00021222410865874363
gesundheitsfrag,1,0.00021222410865874363
schwächeren,1,0.00021222410865874363
hardware,1,0.00021222410865874363
gesundheitsdienst,1,0.00021222410865874363
interdisziplinär,1,0.00021222410865874363
teambasieren,1,0.00021222410865874363
kranken-,1,0.00021222410865874363
besonderheit,1,0.00021222410865874363
öffnung,1,0.00021222410865874363
koordination,1,0.00021222410865874363
sektorengrenze,1,0.00021222410865874363
sektor,1,0.00021222410865874363
rollenverteilung,1,0.00021222410865874363
neuordnung,1,0.00021222410865874363
hochwertig,1,0.00021222410865874363
qualitativ,1,0.00021222410865874363
altersgruppe,1,0.00021222410865874363
arznei,1,0.00021222410865874363
bereithaltung,1,0.00021222410865874363
krisensituation,1,0.00021222410865874363
halbleiter-fertigung,1,0.00021222410865874363
geschäftsmodellen,1,0.00021222410865874363
datenbasiert,1,0.00021222410865874363
netzwerktechnik,1,0.00021222410865874363
hard,1,0.00021222410865874363
vertrauenswürdig,1,0.00021222410865874363
cyber-sicherheit,1,0.00021222410865874363
edge-computing,1,0.00021222410865874363
cloud,1,0.00021222410865874363
quantentechnologie,1,0.00021222410865874363
wertschöpfungskett,1,0.00021222410865874363
source-basiert,1,0.00021222410865874363
entlang,1,0.00021222410865874363
technologie-eben,1,0.00021222410865874363
digitalwirtschaft,1,0.00021222410865874363
ideal,1,0.00021222410865874363
generation,1,0.00021222410865874363
netzzugang,1,0.00021222410865874363
sozialtarif,1,0.00021222410865874363
ansatz,1,0.00021222410865874363
stärkenorientiert,1,0.00021222410865874363
hierbei,1,0.00021222410865874363
gemeinwohlorientiert,1,0.00021222410865874363
retten,1,0.00021222410865874363
definieren,1,0.00021222410865874363
biontech,1,0.00021222410865874363
methode,1,0.00021222410865874363
therapieoption,1,0.00021222410865874363
innovationskraft,1,0.00021222410865874363
leitbild,1,0.00021222410865874363
aufmerksamkeit,1,0.00021222410865874363
schutz,1,0.00021222410865874363
verschlüsselungsforschung,1,0.00021222410865874363
cybersicherheit,1,0.00021222410865874363
überprüfbar,1,0.00021222410865874363
datenteil,1,0.00021222410865874363
algorithmisch,1,0.00021222410865874363
zielsetzung,1,0.00021222410865874363
anlegen,1,0.00021222410865874363
vielzahl,1,0.00021222410865874363
treffen,1,0.00021222410865874363
selbstlernend,1,0.00021222410865874363
open-data,1,0.00021222410865874363
datenzugang,1,0.00021222410865874363
vorangehen,1,0.00021222410865874363
agenda,1,0.00021222410865874363
erarbeitung,1,0.00021222410865874363
effizienz,1,0.00021222410865874363
schlüsselbranche,1,0.00021222410865874363
jedweder,1,0.00021222410865874363
hetze,1,0.00021222410865874363
hass,1,0.00021222410865874363
unterschied,1,0.00021222410865874363
einzelner,1,0.00021222410865874363
reich,1,0.00021222410865874363
divers,1,0.00021222410865874363
weiblich,1,0.00021222410865874363
gebären,1,0.00021222410865874363
westen,1,0.00021222410865874363
osten,1,0.00021222410865874363
woanders,1,0.00021222410865874363
studieren,1,0.00021222410865874363
eine*r,1,0.00021222410865874363
einander,1,0.00021222410865874363
schulden,1,0.00021222410865874363
respektieren,1,0.00021222410865874363
vorurteil,1,0.00021222410865874363
stabilität,1,0.00021222410865874363
grundrecht,1,0.00021222410865874363
arbeitsleben,1,0.00021222410865874363
ausgrenzung,1,0.00021222410865874363
erstarken,1,0.00021222410865874363
rechtsextrem,1,0.00021222410865874363
ostdeutsche,1,0.00021222410865874363
zukunftsmission,1,0.00021222410865874363
trotzen,1,0.00021222410865874363
kürzen,1,0.00021222410865874363
sozialleistung,1,0.00021222410865874363
abmilderen,1,0.00021222410865874363
solidarleistung,1,0.00021222410865874363
wertebasiert,1,0.00021222410865874363
souverän,1,0.00021222410865874363
vorreiter,1,0.00021222410865874363
sichtbarkeit,1,0.00021222410865874363
entschiedenheit,1,0.00021222410865874363
strukturwandel,1,0.00021222410865874363
transformationsprozesse,1,0.00021222410865874363
boom-zon,1,0.00021222410865874363
industrieregion,1,0.00021222410865874363
traditionell,1,0.00021222410865874363
peripherie,1,0.00021222410865874363
metropole,1,0.00021222410865874363
ungleichgewicht,1,0.00021222410865874363
vollenden,1,0.00021222410865874363
mitbestimmung,1,0.00021222410865874363
wissen,1,0.00021222410865874363
internetanschluss,1,0.00021222410865874363
betreuung,1,0.00021222410865874363
fehlen,1,0.00021222410865874363
widerspiegeln,1,0.00021222410865874363
format,1,0.00021222410865874363
unschätzbar,1,0.00021222410865874363
lebensentwürfe,1,0.00021222410865874363
verschiedenheit,1,0.00021222410865874363
kritik,1,0.00021222410865874363
bewusstsein,1,0.00021222410865874363
gewachsen,1,0.00021222410865874363
krisenfest,1,0.00021222410865874363
morgen,1,0.00021222410865874363
eindringlich,1,0.00021222410865874363
kommunizieren,1,0.00021222410865874363
zusammenarbeiten,1,0.00021222410865874363
demokratisch,1,0.00021222410865874363
gestaltung,1,0.00021222410865874363
aufhalten,1,0.00021222410865874363
menschengemachten,1,0.00021222410865874363
wehren,1,0.00021222410865874363
schulter,1,0.00021222410865874363
gewissheit,1,0.00021222410865874363
zuversicht,1,0.00021222410865874363
kita-platz,1,0.00021222410865874363
kurzarbeitergeld,1,0.00021222410865874363
verwirklichungschance,1,0.00021222410865874363
mangelnd,1,0.00021222410865874363
ballungszentro,1,0.00021222410865874363
überteuert,1,0.00021222410865874363
sehen,1,0.00021222410865874363
zurückversetzen,1,0.00021222410865874363
rollenmodelle,1,0.00021222410865874363
unvermittelt,1,0.00021222410865874363
vollendet,1,0.00021222410865874363
tragfähig,1,0.00021222410865874363
wissenschaft,1,0.00021222410865874363
abmildern,1,0.00021222410865874363
erleben,1,0.00021222410865874363
funktionierend,1,0.00021222410865874363
wertvoll,1,0.00021222410865874363
abhängen,1,0.00021222410865874363
niemand,1,0.00021222410865874363
gesellschaftsvertrag,1,0.00021222410865874363
stetig,1,0.00021222410865874363
massiv,1,0.00021222410865874363
high-tech,1,0.00021222410865874363
lebensgrundlage,1,0.00021222410865874363
leitstelle,1,0.00021222410865874363
infrastrukturausbau,1,0.00021222410865874363
auto,1,0.00021222410865874363
dennoch,1,0.00021222410865874363
rad,1,0.00021222410865874363
steigen,1,0.00021222410865874363
denken,1,0.00021222410865874363
gelangen,1,0.00021222410865874363
zuverlässig,1,0.00021222410865874363
rohstoff,1,0.00021222410865874363
lieferung,1,0.00021222410865874363
rohstoffsicherungskonzept,1,0.00021222410865874363
recycling,1,0.00021222410865874363
produzieren,1,0.00021222410865874363
abfall,1,0.00021222410865874363
menge,1,0.00021222410865874363
ausgangsmaterialie,1,0.00021222410865874363
quartierskonzept,1,0.00021222410865874363
wärmenetze,1,0.00021222410865874363
bestands-mietwohnungsbau,1,0.00021222410865874363
pro-kopf-bonus,1,0.00021222410865874363
ausgleichsmaßnahm,1,0.00021222410865874363
co2-preises,1,0.00021222410865874363
schadstoffausstoß,1,0.00021222410865874363
null,1,0.00021222410865874363
mission,1,0.00021222410865874363
personennahverkehr,1,0.00021222410865874363
zero,1,0.00021222410865874363
vision,1,0.00021222410865874363
straßenverkehr,1,0.00021222410865874363
fußgänger*inne,1,0.00021222410865874363
fläche,1,0.00021222410865874363
straßenverkehrsrecht,1,0.00021222410865874363
geändert,1,0.00021222410865874363
flott,1,0.00021222410865874363
niveau,1,0.00021222410865874363
ticketfrei,1,0.00021222410865874363
verkehrswend,1,0.00021222410865874363
modellprojekte,1,0.00021222410865874363
365-euro-ticket,1,0.00021222410865874363
mobilitätsangebote,1,0.00021222410865874363
mobilitätsdienstleistung,1,0.00021222410865874363
anschluss,1,0.00021222410865874363
wohnortnah,1,0.00021222410865874363
bürger*in,1,0.00021222410865874363
mobilitätsgarantie,1,0.00021222410865874363
mobilitätssystem,1,0.00021222410865874363
ansteig,1,0.00021222410865874363
hintertreffen,1,0.00021222410865874363
niedrig,1,0.00021222410865874363
einklang,1,0.00021222410865874363
strukturhilfen,1,0.00021222410865874363
gleis,1,0.00021222410865874363
wahlperiode,1,0.00021222410865874363
verteilnetze,1,0.00021222410865874363
stromleitung,1,0.00021222410865874363
praktisch,1,0.00021222410865874363
festschreiben,1,0.00021222410865874363
2040,1,0.00021222410865874363
anheben,1,0.00021222410865874363
dementsprechend,1,0.00021222410865874363
klimapolitik,1,0.00021222410865874363
erreichung,1,0.00021222410865874363
kontrollmechanismus,1,0.00021222410865874363
wirkungsvoll,1,0.00021222410865874363
klimaschutzgesetz,1,0.00021222410865874363
komplett,1,0.00021222410865874363
menschheitsaufgabe,1,0.00021222410865874363
stoppen,1,0.00021222410865874363
infrastrukturkonsens,1,0.00021222410865874363
gesamtgesellschaftlich,1,0.00021222410865874363
zügig,1,0.00021222410865874363
bewältigung,1,0.00021222410865874363
sinken,1,0.00021222410865874363
laden,1,0.00021222410865874363
stromrechnung,1,0.00021222410865874363
branche,1,0.00021222410865874363
stromanleihe,1,0.00021222410865874363
beteiligungsmodelle,1,0.00021222410865874363
kommunal,1,0.00021222410865874363
eigenversorgung,1,0.00021222410865874363
gemeinschaftlich,1,0.00021222410865874363
mieterstrom,1,0.00021222410865874363
mitmachen,1,0.00021222410865874363
win-win-situation,1,0.00021222410865874363
nachsehen,1,0.00021222410865874363
energiepolitik,1,0.00021222410865874363
herzstück,1,0.00021222410865874363
vorausgehen,1,0.00021222410865874363
wasserstoffleitung,1,0.00021222410865874363
stromnetze,1,0.00021222410865874363
tempo,1,0.00021222410865874363
auswirkung,1,0.00021222410865874363
co2-bilanz,1,0.00021222410865874363
einfluss,1,0.00021222410865874363
versorgungsqualität,1,0.00021222410865874363
fachkräft,1,0.00021222410865874363
ermutigung,1,0.00021222410865874363
gebührenfreiheit,1,0.00021222410865874363
branchenbezogen,1,0.00021222410865874363
umlag,1,0.00021222410865874363
übernehmen,1,0.00021222410865874363
ausbildungsplätz,1,0.00021222410865874363
ausreichend,1,0.00021222410865874363
vollumfänglich,1,0.00021222410865874363
erfolgsmodell,1,0.00021222410865874363
oberst,1,0.00021222410865874363
vermittlung,1,0.00021222410865874363
ausbildungsgarantie,1,0.00021222410865874363
vorrang,1,0.00021222410865874363
vergleichbar,1,0.00021222410865874363
bundesagentur,1,0.00021222410865874363
hinausgehen,1,0.00021222410865874363
schwankung,1,0.00021222410865874363
saisonüblich,1,0.00021222410865874363
branchen-,1,0.00021222410865874363
notlagen,1,0.00021222410865874363
notlage,1,0.00021222410865874363
auftraggeber,1,0.00021222410865874363
wegfall,1,0.00021222410865874363
unterhalb,1,0.00021222410865874363
ausbilden,1,0.00021222410865874363
ausbildungsplatz,1,0.00021222410865874363
lernort,1,0.00021222410865874363
verzahnen,1,0.00021222410865874363
lehrkräfte-nachwuchs,1,0.00021222410865874363
verbessert,1,0.00021222410865874363
modernisierung,1,0.00021222410865874363
vordergrund,1,0.00021222410865874363
sozialpartner,1,0.00021222410865874363
schulträger,1,0.00021222410865874363
berufsbildend,1,0.00021222410865874363
pakt,1,0.00021222410865874363
berufsfelder,1,0.00021222410865874363
angelehnt,1,0.00021222410865874363
professionalität,1,0.00021222410865874363
ausbildungsweg,1,0.00021222410865874363
vollschulisch,1,0.00021222410865874363
erziehung,1,0.00021222410865874363
berufen,1,0.00021222410865874363
fortsetzen,1,0.00021222410865874363
priorität,1,0.00021222410865874363
zeitpunkt,1,0.00021222410865874363
wechsel,1,0.00021222410865874363
einnahmeausfall,1,0.00021222410865874363
unvorhersehbar,1,0.00021222410865874363
geschäftsmodell,1,0.00021222410865874363
begegnung,1,0.00021222410865874363
unternehmergeist,1,0.00021222410865874363
davon,1,0.00021222410865874363
produktivitätsgewinn,1,0.00021222410865874363
arbeitswelt,1,0.00021222410865874363
unfallversicherungsschutz,1,0.00021222410865874363
routin,1,0.00021222410865874363
inzwischen,1,0.00021222410865874363
ungewohnen,1,0.00021222410865874363
anfangs,1,0.00021222410865874363
videokonferenz,1,0.00021222410865874363
offensichtlich,1,0.00021222410865874363
schreibtisch,1,0.00021222410865874363
virtuell,1,0.00021222410865874363
zugangsrecht,1,0.00021222410865874363
gewerkschaft,1,0.00021222410865874363
beschäftigungsverhältnis,1,0.00021222410865874363
west,1,0.00021222410865874363
ost,1,0.00021222410865874363
lohnangleichung,1,0.00021222410865874363
tarifbindung,1,0.00021222410865874363
benötigt,1,0.00021222410865874363
schutzlück,1,0.00021222410865874363
einkommensabhängig,1,0.00021222410865874363
kranken,1,0.00021222410865874363
hälfte,1,0.00021222410865874363
mindestbeitrag,1,0.00021222410865874363
integrieren,1,0.00021222410865874363
selbständiger,1,0.00021222410865874363
sozialversicherungspflichtig,1,0.00021222410865874363
bedarfsfall,1,0.00021222410865874363
weiterversicherung,1,0.00021222410865874363
wagen,1,0.00021222410865874363
neue,1,0.00021222410865874363
künstlersozialversicherung,1,0.00021222410865874363
selbständig,1,0.00021222410865874363
entwickler*inn,1,0.00021222410865874363
übersetzer*innen,1,0.00021222410865874363
maler*inne,1,0.00021222410865874363
autor*inn,1,0.00021222410865874363
aufbrauchen,1,0.00021222410865874363
rücklage,1,0.00021222410865874363
zutun,1,0.00021222410865874363
auge,1,0.00021222410865874363
kreative,1,0.00021222410865874363
studium,1,0.00021222410865874363
aufstiegsfortbildung,1,0.00021222410865874363
miete,1,0.00021222410865874363
verbunden,1,0.00021222410865874363
netzwerk,1,0.00021222410865874363
bedarfsgemeinschaft,1,0.00021222410865874363
passgenau,1,0.00021222410865874363
bezwingen,1,0.00021222410865874363
hilfsbedürftig,1,0.00021222410865874363
sozialverband,1,0.00021222410865874363
regelsatzermittlung,1,0.00021222410865874363
kriterium,1,0.00021222410865874363
untragbar,1,0.00021222410865874363
winterjacke,1,0.00021222410865874363
waschmaschine,1,0.00021222410865874363
kaputte,1,0.00021222410865874363
befähigen,1,0.00021222410865874363
ausreichen,1,0.00021222410865874363
regelsatz,1,0.00021222410865874363
sprechen,1,0.00021222410865874363
sprache,1,0.00021222410865874363
verständlich,1,0.00021222410865874363
schriftwechsel,1,0.00021222410865874363
bescheid,1,0.00021222410865874363
unkompliziert,1,0.00021222410865874363
kennzahlenlogik,1,0.00021222410865874363
personell,1,0.00021222410865874363
jobcenter,1,0.00021222410865874363
ausziehen,1,0.00021222410865874363
mitwirkungspflichten,1,0.00021222410865874363
schonvermögen,1,0.00021222410865874363
innerhalb,1,0.00021222410865874363
wohnungsgröße,1,0.00021222410865874363
darin,1,0.00021222410865874363
vorübergehend,1,0.00021222410865874363
wiederaufnahme,1,0.00021222410865874363
sinnvoll,1,0.00021222410865874363
voll,1,0.00021222410865874363
gefahr,1,0.00021222410865874363
auftrag,1,0.00021222410865874363
laufen,1,0.00021222410865874363
aussetzen,1,0.00021222410865874363
vermögensprüfung,1,0.00021222410865874363
corona-pandemie,1,0.00021222410865874363
erweitern,1,0.00021222410865874363
bonus,1,0.00021222410865874363
berufsabschluss,1,0.00021222410865874363
nachholen,1,0.00021222410865874363
nachkommen,1,0.00021222410865874363
bürgernah,1,0.00021222410865874363
haltgebend,1,0.00021222410865874363
verständnis,1,0.00021222410865874363
freistellen,1,0.00021222410865874363
erwerben,1,0.00021222410865874363
abschluß,1,0.00021222410865874363
anerkannt,1,0.00021222410865874363
genug,1,0.00021222410865874363
kompensieren,1,0.00021222410865874363
umschulung,1,0.00021222410865874363
lohneinbußen,1,0.00021222410865874363
ausgestalten,1,0.00021222410865874363
bildungszeiter,1,0.00021222410865874363
beantragen,1,0.00021222410865874363
tasche,1,0.00021222410865874363
umschulen,1,0.00021222410865874363
weiterbilden,1,0.00021222410865874363
initiative,1,0.00021222410865874363
erwerbsleben,1,0.00021222410865874363
lauf,1,0.00021222410865874363
bevorstehend,1,0.00021222410865874363
einzeln,1,0.00021222410865874363
augenmerk,1,0.00021222410865874363
lenken,1,0.00021222410865874363
weiterbildungsmaßnahme,1,0.00021222410865874363
aufbringen,1,0.00021222410865874363
überarbeit,1,0.00021222410865874363
altersgrenz,1,0.00021222410865874363
beziehen,1,0.00021222410865874363
arbeitslosengeld,1,0.00021222410865874363
einzahlen,1,0.00021222410865874363
bittsteller*inne,1,0.00021222410865874363
rechte,1,0.00021222410865874363
verlassen,1,0.00021222410865874363
erwachsenenalter,1,0.00021222410865874363
neustart-bafög,1,0.00021222410865874363
aufheben,1,0.00021222410865874363
zusammenführen,1,0.00021222410865874363
weiterbildungsförderung,1,0.00021222410865874363
abstimmen,1,0.00021222410865874363
aufeinander,1,0.00021222410865874363
aufstieg,1,0.00021222410865874363
basisabsicherung,1,0.00021222410865874363
vollzuschuss,1,0.00021222410865874363
streben,1,0.00021222410865874363
förderansprüche,1,0.00021222410865874363
weiten,1,0.00021222410865874363
bundesausbildungsförderungsgesetz,1,0.00021222410865874363
bezahlen,1,0.00021222410865874363
planen,1,0.00021222410865874363
entlasten,1,0.00021222410865874363
austausch,1,0.00021222410865874363
lehre,1,0.00021222410865874363
fachhochschule,1,0.00021222410865874363
universität,1,0.00021222410865874363
tierversuchsfrei,1,0.00021222410865874363
gesamtplanung,1,0.00021222410865874363
tierversuch,1,0.00021222410865874363
wasserstoff,1,0.00021222410865874363
alternativverfahren,1,0.00021222410865874363
quantentechnik,1,0.00021222410865874363
ausrichtung,1,0.00021222410865874363
wissenschaftssystem,1,0.00021222410865874363
stärke,1,0.00021222410865874363
praxisnah,1,0.00021222410865874363
fachkräftemangel,1,0.00021222410865874363
ausbildungskonzept,1,0.00021222410865874363
meister*innenkurse,1,0.00021222410865874363
techniker*innen-,1,0.00021222410865874363
gebühr,1,0.00021222410865874363
klimawende,1,0.00021222410865874363
partner,1,0.00021222410865874363
übersetzten,1,0.00021222410865874363
forschungspolitisch,1,0.00021222410865874363
jeweilig,1,0.00021222410865874363
ausstrahlen,1,0.00021222410865874363
bezug,1,0.00021222410865874363
mittelständisch,1,0.00021222410865874363
aufstocken,1,0.00021222410865874363
innovationsförderung,1,0.00021222410865874363
"3,5",1,0.00021222410865874363
übertreffen,1,0.00021222410865874363
bip,1,0.00021222410865874363
zielwert,1,0.00021222410865874363
tenure-track,1,0.00021222410865874363
technologie,1,0.00021222410865874363
entfalten,1,0.00021222410865874363
geistes-,1,0.00021222410865874363
exzellenzpotential,1,0.00021222410865874363
vergangen,1,0.00021222410865874363
ostdeutsch,1,0.00021222410865874363
forschungslandschaft,1,0.00021222410865874363
ausgezeichnet,1,0.00021222410865874363
forschungseinrichtung,1,0.00021222410865874363
ergänzen,1,0.00021222410865874363
exzellenzstrategie,1,0.00021222410865874363
kulturwissenschaftlich,1,0.00021222410865874363
dienen,1,0.00021222410865874363
leistungsfähigkeit,1,0.00021222410865874363
notfallversorgung,1,0.00021222410865874363
zielvorgabe,1,0.00021222410865874363
personalmangel,1,0.00021222410865874363
anspruchsvoll,1,0.00021222410865874363
höchst,1,0.00021222410865874363
professionelle,1,0.00021222410865874363
vernünftig,1,0.00021222410865874363
entsprechen,1,0.00021222410865874363
bedürfnisse,1,0.00021222410865874363
mittelpunkt,1,0.00021222410865874363
ware,1,0.00021222410865874363
investitionsmittel,1,0.00021222410865874363
kommerzialisierung,1,0.00021222410865874363
steuerzuschüsse,1,0.00021222410865874363
unerlässlich,1,0.00021222410865874363
unterstützungsangebot,1,0.00021222410865874363
ärztin,1,0.00021222410865874363
niedergelassen,1,0.00021222410865874363
pfleger,1,0.00021222410865874363
personal,1,0.00021222410865874363
engagiert,1,0.00021222410865874363
hervorragend,1,0.00021222410865874363
abwerten,1,0.00021222410865874363
gesundheitswesen,1,0.00021222410865874363
grundfinanzierung,1,0.00021222410865874363
kinderklinike,1,0.00021222410865874363
bedarfsgerecht,1,0.00021222410865874363
insgesamt,1,0.00021222410865874363
wartezeit,1,0.00021222410865874363
niedrigschwellig,1,0.00021222410865874363
strukturieren,1,0.00021222410865874363
jugendmedizin,1,0.00021222410865874363
rechnen,1,0.00021222410865874363
ballungsraum,1,0.00021222410865874363
außerhalb,1,0.00021222410865874363
spielen,1,0.00021222410865874363
beenden,1,0.00021222410865874363
versorgungszentre,1,0.00021222410865874363
grundkost,1,0.00021222410865874363
überarbeien,1,0.00021222410865874363
pauschal,1,0.00021222410865874363
prüfstand,1,0.00021222410865874363
zurückfließen,1,0.00021222410865874363
erwirtschaften,1,0.00021222410865874363
solidargemeinschaft,1,0.00021222410865874363
patient*inn,1,0.00021222410865874363
kooperationsförderung,1,0.00021222410865874363
wissenschaftlich,1,0.00021222410865874363
langfristig,1,0.00021222410865874363
fördergeld,1,0.00021222410865874363
betriebsvermögen,1,0.00021222410865874363
überprivilegierung,1,0.00021222410865874363
unternehmenserbe,1,0.00021222410865874363
gegenwärtig,1,0.00021222410865874363
reformbedürftig,1,0.00021222410865874363
erbschaftssteuer,1,0.00021222410865874363
bevölkerung,1,0.00021222410865874363
steuerbelastung,1,0.00021222410865874363
freibetrag,1,0.00021222410865874363
steuersatz,1,0.00021222410865874363
maßvoll,1,0.00021222410865874363
steuerminderung,1,0.00021222410865874363
einkommensunabhängig,1,0.00021222410865874363
steuerrückerstattung,1,0.00021222410865874363
spende,1,0.00021222410865874363
aufwendung,1,0.00021222410865874363
förderwürdig,1,0.00021222410865874363
beschäftigen,1,0.00021222410865874363
manager*in,1,0.00021222410865874363
durchschnittseinkommen,1,0.00021222410865874363
15-fach,1,0.00021222410865874363
vermögenshaltend,1,0.00021222410865874363
familienstiftung,1,0.00021222410865874363
finanztransaktionssteuer,1,0.00021222410865874363
ausgeweitet,1,0.00021222410865874363
bekommen,1,0.00021222410865874363
orientierung,1,0.00021222410865874363
religion,1,0.00021222410865874363
migrationsbiografie,1,0.00021222410865874363
lebenschance,1,0.00021222410865874363
vornherein,1,0.00021222410865874363
überschuldung,1,0.00021222410865874363
beratungsmöglichkeite,1,0.00021222410865874363
vorsorgend,1,0.00021222410865874363
schuldnerberatung,1,0.00021222410865874363
maßgeblich,1,0.00021222410865874363
überwindbar,1,0.00021222410865874363
privatperson,1,0.00021222410865874363
überschuldet,1,0.00021222410865874363
finanzmarkt,1,0.00021222410865874363
facebook,1,0.00021222410865874363
amazon,1,0.00021222410865874363
abschluss,1,0.00021222410865874363
verhandlung,1,0.00021222410865874363
unterstützt,1,0.00021222410865874363
manager*innengehälter,1,0.00021222410865874363
abzugsfähigkeit,1,0.00021222410865874363
erleiden,1,0.00021222410865874363
strapaziert,1,0.00021222410865874363
oberer,1,0.00021222410865874363
gegenzug,1,0.00021222410865874363
kaufkraft,1,0.00021222410865874363
besserstellen,1,0.00021222410865874363
vornehmen,1,0.00021222410865874363
einkommensteuerreform,1,0.00021222410865874363
steuer,1,0.00021222410865874363
gegenteil,1,0.00021222410865874363
mehrbelastung,1,0.00021222410865874363
ohnehin,1,0.00021222410865874363
aufschlag,1,0.00021222410865874363
krisenbewältigung,1,0.00021222410865874363
verschaffen,1,0.00021222410865874363
geltung,1,0.00021222410865874363
unvernünftig,1,0.00021222410865874363
bedenklich,1,0.00021222410865874363
extrem,1,0.00021222410865874363
bereithaln,1,0.00021222410865874363
wissenschaftskommunikation,1,0.00021222410865874363
science,1,0.00021222410865874363
fünf,1,0.00021222410865874363
prozentpunkt,1,0.00021222410865874363
einbuße,1,0.00021222410865874363
kranke,1,0.00021222410865874363
normalverdienend,1,0.00021222410865874363
eheleute,1,0.00021222410865874363
steuerlast,1,0.00021222410865874363
zahlen,1,0.00021222410865874363
spitzenverdiener*inn,1,0.00021222410865874363
verblieben,1,0.00021222410865874363
einnahme,1,0.00021222410865874363
allermeister,1,0.00021222410865874363
anpassen,1,0.00021222410865874363
erhebung,1,0.00021222410865874363
einkommensteuer,1,0.00021222410865874363
bemessungsgrenze,1,0.00021222410865874363
250.000,1,0.00021222410865874363
ledige,1,0.00021222410865874363
500.000,1,0.00021222410865874363
oberhalb,1,0.00021222410865874363
einkommensanteil,1,0.00021222410865874363
versteuernd,1,0.00021222410865874363
verheirateter,1,0.00021222410865874363
fest,1,0.00021222410865874363
beruhen,1,0.00021222410865874363
